time,gFx,gFy,gFz,ax,ay,az,wx,wy,wz
2022-01-31 9:36:57.4580,0.183,-0.075,-1.01,-0.26,-0.24,0.37,-0.1,-0.36,0.17
2022-01-31 9:37:39.8230,0.18,-0.048,-0.97,-0.26,-0.49,-0.04,-0.16,-0.31,0.17
2022-01-31 9:37:39.8310,0.173,-0.038,-0.948,-0.22,-0.63,-0.33,-0.22,-0.22,0.18
2022-01-31 9:37:39.8410,0.175,-0.04,-0.957,-0.24,-0.59,-0.33,-0.24,-0.13,0.19
2022-01-31 9:37:39.8510,0.176,-0.03,-0.99,-0.29,-0.64,-0.03,-0.21,-0.03,0.2
2022-01-31 9:37:39.8610,0.17,-0.019,-1.008,-0.23,-0.75,0.2,-0.13,0.06,0.2
2022-01-31 9:37:39.8710,0.164,-0.014,-1.02,-0.17,-0.79,0.31,-0.02,0.09,0.18
2022-01-31 9:37:39.8810,0.158,-0.007,-1.033,-0.1,-0.87,0.46,0.04,0.07,0.14
2022-01-31 9:37:39.8910,0.156,-0.01,-1.012,-0.07,-0.88,0.35,0.06,0.03,0.1
2022-01-31 9:37:39.9010,0.154,-0.031,-0.977,-0.06,-0.7,0.01,0.02,-0.02,0.06
2022-01-31 9:37:39.9110,0.146,-0.041,-0.948,0.01,-0.57,-0.29,-0.06,-0.05,0.02
2022-01-31 9:37:39.9210,0.141,-0.046,-0.934,0.07,-0.52,-0.48,-0.13,-0.04,-0.02
2022-01-31 9:37:39.9310,0.15,-0.057,-0.922,0.02,-0.42,-0.59,-0.17,0.01,-0.03
2022-01-31 9:37:39.9410,0.163,-0.07,-0.928,-0.11,-0.25,-0.59,-0.17,0.07,-0.02
2022-01-31 9:37:39.9520,0.178,-0.069,-0.951,-0.24,-0.21,-0.39,-0.15,0.12,-0.01
2022-01-31 9:37:39.9620,0.189,-0.06,-0.978,-0.35,-0.27,-0.12,-0.13,0.16,-0.02
2022-01-31 9:37:39.9720,0.194,-0.053,-0.988,-0.39,-0.34,0.03,-0.14,0.17,-0.04
2022-01-31 9:37:39.9820,0.205,-0.049,-0.98,-0.46,-0.37,-0.02,-0.17,0.2,-0.05
2022-01-31 9:37:39.9920,0.223,-0.053,-0.977,-0.61,-0.33,-0.08,-0.2,0.22,-0.05
2022-01-31 9:37:40.0020,0.241,-0.053,-0.995,-0.77,-0.29,0.04,-0.2,0.24,-0.04
2022-01-31 9:37:40.0120,0.251,-0.044,-1.027,-0.86,-0.34,0.34,-0.19,0.22,-0.04
2022-01-31 9:37:40.0230,0.252,-0.031,-1.066,-0.88,-0.43,0.71,-0.16,0.17,-0.07
2022-01-31 9:37:40.0330,0.25,-0.01,-1.104,-0.84,-0.62,1.1,-0.12,0.07,-0.1
2022-01-31 9:37:40.0420,0.247,-0.005,-1.123,-0.81,-0.71,1.35,-0.09,-0.03,-0.13
2022-01-31 9:37:40.0520,0.241,-0.016,-1.111,-0.76,-0.62,1.29,-0.08,-0.15,-0.13
2022-01-31 9:37:40.0620,0.232,-0.03,-1.087,-0.71,-0.46,1.06,-0.08,-0.27,-0.12
2022-01-31 9:37:40.0730,0.21,-0.034,-1.061,-0.56,-0.38,0.81,-0.08,-0.27,-0.11609891057014465
2022-01-31 9:37:40.0830,0.185,-0.029,-1.035,-0.31,-0.42,0.56,0.06,-0.29,-0.13
2022-01-31 9:37:40.0930,0.177,-0.027,-0.997,-0.23,-0.46,0.2,0.18,-0.23,-0.13
2022-01-31 9:37:40.1030,0.168,-0.036,-0.957,-0.16,-0.42,-0.19,0.28,-0.15,-0.12
2022-01-31 9:37:40.1130,0.175,-0.047,-0.926,-0.2,-0.33,-0.53,0.36,-0.07,-0.12
2022-01-31 9:37:40.1230,0.179,-0.052,-0.916,-0.27,-0.31,-0.66,0.43,-0.02,-0.13
2022-01-31 9:37:40.1330,0.184,-0.059,-0.904,-0.29,-0.29,-0.77,0.45,-0.01,-0.12
2022-01-31 9:37:40.1430,0.217,-0.069,-0.899,-0.55,-0.23,-0.81,0.44,-0.01,-0.09
2022-01-31 9:37:40.1530,0.241,-0.068,-0.862,-0.86,-0.25,-1.08,0.39,0.03,-0.07
2022-01-31 9:37:40.1640,0.236,-0.073,-0.828,-0.85,-0.26,-1.49,0.29,0.04,-0.06
2022-01-31 9:37:40.1730,0.227,-0.08,-0.844,-0.76,-0.21,-1.45,0.21,0.0,-0.05
2022-01-31 9:37:40.1830,0.235,-0.075,-0.894,-0.78,-0.24,-1.02,0.18,-0.09,-0.08
2022-01-31 9:37:40.1940,0.215,-0.055,-0.924,-0.75,-0.42,-0.6,0.14,-0.14,-0.18
2022-01-31 9:37:40.2030,0.176,-0.03,-0.903,-0.29,-0.67,-0.72,0.13,-0.06,-0.27
2022-01-31 9:37:40.2140,0.222,-0.023,-0.88,-0.56,-0.85,-0.97,0.16,0.08,-0.31
2022-01-31 9:37:40.2240,0.226,-0.067,-0.85,-0.79,-0.5,-1.18,0.21,0.32,-0.34
2022-01-31 9:37:40.2340,0.206,-0.068,-0.82,-0.53,-0.36,-1.62,0.3,0.55,-0.37
2022-01-31 9:37:40.2440,0.206,-0.034,-0.892,-0.41,-0.67,-1.08,0.39,0.63,-0.45
2022-01-31 9:37:40.2540,0.2,-0.0,-0.953,-0.34,-1.05,-0.37,0.39,0.59,-0.57
2022-01-31 9:37:40.2640,0.21,0.015,-0.982,-0.28,-1.29,-0.03,0.35,0.44,-0.66
2022-01-31 9:37:40.2740,0.254,-0.013,-0.977,-0.6,-1.16,0.1,0.26,0.28,-0.65
2022-01-31 9:37:40.2840,0.312,-0.07,-0.882,-1.13,-0.64,-0.63,0.13,0.34,-0.55
2022-01-31 9:37:40.2940,0.347,-0.126,-0.763,-1.52,-0.08,-1.84,0.08,0.5,-0.38
2022-01-31 9:37:40.3040,0.357,-0.161,-0.757,-1.6,0.36,-2.23,0.07,0.54,-0.22
2022-01-31 9:37:40.3140,0.336,-0.141,-0.798,-1.45,0.29,-1.78,0.06,0.44,-0.12
2022-01-31 9:37:40.3240,0.305,-0.099,-0.803,-1.07,-0.13,-1.65,0.04,0.33,-0.1
2022-01-31 9:37:40.3350,0.299,-0.082,-0.768,-0.91,-0.37,-1.85,-0.09,0.27,-0.11
2022-01-31 9:37:40.3450,0.308,-0.07,-0.718,-0.96,-0.43,-2.42,-0.32,0.11,-0.16
2022-01-31 9:37:40.3550,0.268,-0.04,-0.742,-0.74,-0.67,-2.38,-0.57,-0.1,-0.28
2022-01-31 9:37:40.3650,0.228,-0.017,-0.792,-0.23,-0.87,-1.88,-0.74,-0.2,-0.36
2022-01-31 9:37:40.3750,0.226,-0.016,-0.855,-0.21,-0.84,-1.37,-0.71,-0.23,-0.4
2022-01-31 9:37:40.3850,0.207,-0.008,-0.948,-0.09,-0.8,-0.48,-0.55,-0.21,-0.42
2022-01-31 9:37:40.3950,0.192,0.019,-0.99,0.1,-0.99,0.1,-0.36,-0.09,-0.46
2022-01-31 9:37:40.4050,0.194,0.027,-1.017,0.08,-1.08,0.3,-0.16,-0.02,-0.49
2022-01-31 9:37:40.4150,0.184,0.048,-1.062,0.16,-1.19,0.76,0.02,0.0,-0.54
2022-01-31 9:37:40.4250,0.171,0.075,-1.063,0.29,-1.49,0.9,0.21,0.03,-0.61
2022-01-31 9:37:40.4350,0.17,0.072,-1.018,0.36,-1.56,0.57,0.37,0.11,-0.65
2022-01-31 9:37:40.4450,0.222,0.016,-0.93,0.03,-1.19,-0.21,0.32,0.18,-0.6
2022-01-31 9:37:40.4550,0.308,-0.093,-0.886,-0.78,-0.19,-0.88,0.03,-0.02,-0.38
2022-01-31 9:37:40.4660,0.357,-0.144,-0.954,-1.4,0.55,-0.42,-0.31,-0.39,-0.16
2022-01-31 9:37:40.4760,0.351,-0.122,-1.02,-1.52,0.48,0.32,-0.56,-0.71,-0.01
2022-01-31 9:37:40.4860,0.308,-0.086,-1.029,-1.22,0.2,0.52,-0.7,-0.85,0.09
2022-01-31 9:37:40.4960,0.255,-0.03,-1.018,-0.82,-0.22,0.38,-0.69,-0.82,0.13
2022-01-31 9:37:40.5060,0.189,0.037,-1.03,-0.26,-0.81,0.42,-0.53,-0.66,0.09
2022-01-31 9:37:40.5160,0.136,0.083,-1.058,0.26,-1.31,0.67,-0.24,-0.44,0.01
2022-01-31 9:37:40.5260,0.119,0.102,-1.074,0.48,-1.52,0.84,0.1,-0.2,-0.08
2022-01-31 9:37:40.5360,0.129,0.099,-1.074,0.43,-1.58,0.92,0.33,-0.01,-0.17
2022-01-31 9:37:40.5460,0.144,0.057,-1.024,0.27,-1.27,0.54,0.34,0.1,-0.2
2022-01-31 9:37:40.5560,0.158,0.01,-0.975,0.15,-0.83,0.0,0.24,0.11,-0.17
2022-01-31 9:37:40.5660,0.17,-0.028,-0.942,0.02,-0.44,-0.34,0.1,0.1,-0.13
2022-01-31 9:37:40.5760,0.165,-0.051,-0.952,0.05,-0.19,-0.41,-0.0,0.09,-0.06
2022-01-31 9:37:40.5870,0.165,-0.05,-1.023,0.07,-0.12,0.21,-0.02,0.05,-0.01
2022-01-31 9:37:40.5960,0.154,-0.019,-1.057,0.14,-0.37,0.71,0.0,0.06,-0.01
2022-01-31 9:37:40.6070,0.126,-0.006,-1.039,0.39,-0.6,0.61,-0.02,0.13,-0.03
2022-01-31 9:37:40.6170,0.115,-0.029,-1.032,0.59,-0.41,0.48,-0.09,0.16,-0.05
2022-01-31 9:37:40.6280,0.113,-0.03,-1.032,0.61,-0.3,0.49,-0.14,0.2,-0.08
2022-01-31 9:37:40.6370,0.1,-0.01,-1.044,0.75,-0.46,0.55,-0.11,0.27,-0.12
2022-01-31 9:37:40.6470,0.095,0.012,-1.059,0.85,-0.67,0.74,0.0,0.39,-0.18
2022-01-31 9:37:40.6570,0.096,0.031,-1.052,0.9,-0.88,0.73,0.15,0.53,-0.24
2022-01-31 9:37:40.6670,0.119,0.02,-1.042,0.8,-0.87,0.64,0.25,0.65,-0.27
2022-01-31 9:37:40.6770,0.158,-0.019,-1.014,0.5,-0.56,0.42,0.29,0.7,-0.25
2022-01-31 9:37:40.6870,0.192,-0.05,-1.002,0.21,-0.22,0.26,0.24,0.62,-0.22
2022-01-31 9:37:40.6980,0.207,-0.058,-1.0,0.06,-0.1,0.25,0.1,0.44,-0.21
2022-01-31 9:37:40.7070,0.19,-0.041,-1.0,0.19,-0.22,0.25,-0.08,0.24,-0.23
2022-01-31 9:37:40.7170,0.172,-0.013,-1.001,0.42,-0.45,0.26,-0.2,0.08,-0.29
2022-01-31 9:37:40.7280,0.16,0.019,-0.994,0.54,-0.74,0.22,-0.24,0.01,-0.38
2022-01-31 9:37:40.7380,0.148,0.045,-0.979,0.67,-0.99,0.09,-0.2,0.03,-0.45
2022-01-31 9:37:40.7480,0.144,0.058,-0.944,0.75,-1.13,-0.2,-0.11,0.12,-0.52
2022-01-31 9:37:40.7580,0.168,0.036,-0.935,0.63,-1.0,-0.41,-0.06,0.13,-0.52
2022-01-31 9:37:40.7680,0.228,-0.008,-0.952,0.1,-0.56,-0.23,-0.09,0.04,-0.46
2022-01-31 9:37:40.7780,0.266,-0.025,-0.935,-0.38,-0.28,-0.32,-0.18,-0.05,-0.39
2022-01-31 9:37:40.7880,0.249,-0.019,-0.915,-0.34,-0.28,-0.53,-0.28,-0.12,-0.35
2022-01-31 9:37:40.7980,0.21,-0.008,-0.885,0.02,-0.34,-0.79,-0.33,-0.11,-0.34
2022-01-31 9:37:40.8080,0.181,0.014,-0.85,0.33,-0.49,-1.14,-0.3,0.0,-0.37
2022-01-31 9:37:40.8180,0.154,0.046,-0.809,0.6,-0.75,-1.51,-0.19,0.23,-0.44
2022-01-31 9:37:40.8280,0.129,0.076,-0.757,0.9,-1.04,-2.01,-0.05,0.53,-0.53
2022-01-31 9:37:40.8390,0.13,0.095,-0.71,1.01,-1.21,-2.47,-0.05,0.53,-0.53
2022-01-31 9:37:40.9150,0.146,0.144,-0.649,1.7,-2.63,-5.51,0.71,3.99,-2.13
Time,0.144,0.2,-0.568,1.7,-2.63,-5.51,0.71,3.99,-2.13
Time,0.125,0.224,-0.477,1.7,-2.63,-5.51,0.71,3.99,-2.13
Time,0.114,0.231,-0.365,1.7,-2.63,-5.51,0.71,3.99,-2.13
Time,0.103,0.246,-0.25,1.7,-2.63,-5.51,0.71,3.99,-2.13
Time,0.096,0.286,-0.176,1.7,-2.63,-5.51,0.71,3.99,-2.13
Time,0.117,0.338,-0.111,1.7,-2.63,-5.51,0.71,4.54,-2.44
Time,0.149,0.395,-0.039,1.7,-2.63,-5.51,0.71,4.54,-2.44
2022-01-31 9:37:40.9160,0.158,0.455,0.017,1.7,-2.63,-5.51,0.7,5.1,-2.78
2022-01-31 9:37:40.9420,0.166,0.521,0.067,1.7,-2.63,-5.51,0.68,5.71,-3.17
2022-01-31 9:37:40.9520,0.19,0.557,0.082,2.05,-2.75,-6.6,0.65,6.13,-3.53
2022-01-31 9:37:40.9630,0.313,0.553,-0.023,3.33,-5.42,-7.89,0.5,6.09,-3.8
2022-01-31 9:37:40.9690,0.537,0.532,-0.193,1.72,-5.05,-5.97,0.19,5.52,-3.87
2022-01-31 9:37:40.9790,0.719,0.512,-0.371,0.1,-4.57,-3.83,-0.28,4.58,-3.81
2022-01-31 9:37:40.9890,0.82,0.509,-0.52,-0.78,-4.21,-1.99,-0.86,3.43,-3.74
2022-01-31 9:37:40.9990,0.89,0.517,-0.631,-1.32,-3.91,-0.55,-1.52,2.25,-3.68
2022-01-31 9:37:41.0090,0.96,0.559,-0.7,-1.92,-3.84,0.37,-2.14,1.19,-3.56
2022-01-31 9:37:41.0200,0.996,0.643,-0.732,-2.41,-4.18,0.88,-2.52,0.55,-3.39
2022-01-31 9:37:41.0400,0.979,0.735,-0.768,-1.94,-5.17,1.74,-2.49,0.47,-3.25
2022-01-31 9:37:41.0550,0.917,0.822,-0.801,-1.94,-5.17,1.74,-2.21,0.89,-3.29
2022-01-31 9:37:41.0580,0.867,0.884,-0.911,-1.94,-5.17,1.74,-1.82,1.23,-3.44
2022-01-31 9:37:41.0650,0.942,0.939,-1.096,-1.94,-5.17,1.74,-1.47,1.3,-3.71
2022-01-31 9:37:41.0650,1.103,1.001,-1.208,-1.94,-5.17,1.74,-1.21,1.11,-3.9
2022-01-31 9:37:41.0750,1.258,0.993,-1.305,-1.94,-5.17,1.74,-0.98,0.75,-3.99
2022-01-31 9:37:41.0850,1.374,0.939,-1.318,-1.94,-5.17,1.74,-0.79,0.51,-3.93
2022-01-31 9:37:41.0950,1.379,0.694,-1.242,-1.94,-5.17,1.74,-0.72,0.16,-3.43
2022-01-31 9:37:41.1050,1.503,0.391,-1.223,-1.94,-5.17,1.74,-0.64,-0.24,-2.83
2022-01-31 9:37:41.1270,1.433,0.557,-0.989,-1.94,-5.17,1.74,-0.7,-0.19,-2.46
2022-01-31 9:37:41.1270,1.261,0.7,-0.852,-1.94,-5.17,1.74,-0.64,0.05,-2.26
2022-01-31 9:37:41.1360,1.125,0.732,-0.832,-1.94,-5.17,1.74,-0.4,0.59,-2.23
2022-01-31 9:37:41.1450,0.988,0.778,-0.782,-1.94,-5.17,1.74,-0.09,1.3,-2.37
2022-01-31 9:37:41.1550,0.818,0.927,-0.729,-1.94,-5.17,1.74,0.29,2.16,-2.72
2022-01-31 9:37:41.1650,0.707,1.077,-0.696,-1.94,-5.17,1.74,0.71,3.03,-3.24
2022-01-31 9:37:41.6750,0.641,1.191,-0.714,-10.42,5.64,-2.54,-2.75,-1.74,-1.33
2022-01-31 9:37:41.6750,0.594,1.239,-0.769,-10.42,5.64,-2.54,-2.75,-1.74,-1.33
2022-01-31 9:37:41.6770,0.676,1.206,-0.827,-10.42,5.64,-2.54,-2.75,-1.74,-1.33
2022-01-31 9:37:41.6770,0.861,1.171,-0.823,-10.42,5.64,-2.54,-2.75,-1.74,-1.33
2022-01-31 9:37:41.6770,1.08,1.148,-0.704,-10.42,5.64,-2.54,-2.75,-1.74,-1.33
2022-01-31 9:37:41.6770,1.242,1.111,-0.53,-10.42,5.64,-2.54,-2.75,-1.74,-1.33
2022-01-31 9:37:41.6770,1.345,1.044,-0.398,-10.42,5.64,-2.54,-2.75,-1.74,-1.33
2022-01-31 9:37:41.6770,1.364,0.942,-0.305,-10.42,5.64,-2.54,-2.75,-1.74,-1.33
2022-01-31 9:37:41.6770,1.374,0.79,-0.226,-10.42,5.64,-2.54,-2.75,-1.74,-1.33
2022-01-31 9:37:41.6770,1.364,0.661,-0.174,-10.42,5.64,-2.54,-2.75,-1.74,-1.33
2022-01-31 9:37:41.6770,1.202,0.619,-0.095,-10.42,5.64,-2.54,-2.75,-1.74,-1.33
2022-01-31 9:37:41.6770,1.312,0.399,-0.134,-10.42,5.64,-2.54,-2.75,-1.74,-1.33
2022-01-31 9:37:41.6770,1.598,0.109,-0.224,-10.42,5.64,-2.54,-2.75,-1.74,-1.33
2022-01-31 9:37:41.6770,1.682,0.017,-0.319,-10.42,5.64,-2.54,-2.75,-1.74,-1.33
2022-01-31 9:37:41.6770,1.586,0.011,-0.348,-10.42,5.64,-2.54,-2.75,-1.74,-1.33
2022-01-31 9:37:41.6770,1.583,-0.117,-0.23,-10.42,5.64,-2.54,-2.75,-1.74,-1.33
2022-01-31 9:37:41.6770,1.63,-0.311,-0.24,-10.42,5.64,-2.54,-2.75,-1.74,-1.33
2022-01-31 9:37:41.6770,1.632,-0.373,-0.252,-10.42,5.64,-2.54,-2.75,-1.74,-1.33
2022-01-31 9:37:41.6770,1.624,-0.314,-0.222,-10.42,5.64,-2.54,-2.75,-1.74,-1.33
2022-01-31 9:37:41.6770,1.619,-0.204,-0.198,-10.42,5.64,-2.54,-2.75,-1.74,-1.33
2022-01-31 9:37:41.6770,1.618,-0.034,-0.19,-10.42,5.64,-2.54,-2.75,-1.74,-1.33
2022-01-31 9:37:41.6770,1.402,0.271,-0.164,-10.42,5.64,-2.54,-2.75,-1.74,-1.33
2022-01-31 9:37:41.6770,1.182,0.578,-0.285,-10.42,5.64,-2.54,-2.75,-1.74,-1.33
2022-01-31 9:37:41.6770,1.004,0.781,-0.501,-10.42,5.64,-2.54,-2.75,-1.74,-1.33
2022-01-31 9:37:41.6770,0.517,0.78,-0.482,-10.42,5.64,-2.54,-2.75,-1.74,-1.33
2022-01-31 9:37:41.6770,0.655,0.909,-0.543,-10.42,5.64,-2.54,-2.75,-1.74,-1.33
2022-01-31 9:37:41.6770,0.376,0.594,-0.426,-10.42,5.64,-2.54,-2.75,-1.74,-1.33
2022-01-31 9:37:41.6770,0.264,0.558,-0.396,-10.42,5.64,-2.54,-2.75,-1.74,-1.33
2022-01-31 9:37:41.6770,0.275,0.55,-0.415,-10.42,5.64,-2.54,-2.75,-1.74,-1.33
2022-01-31 9:37:41.6770,0.283,0.578,-0.361,-10.42,5.64,-2.54,-2.75,-1.74,-1.33
2022-01-31 9:37:41.6770,0.216,0.579,-0.335,-10.42,5.64,-2.54,-2.75,-1.74,-1.33
2022-01-31 9:37:41.6770,0.147,0.486,-0.309,-10.42,5.64,-2.54,-2.75,-1.74,-1.33
2022-01-31 9:37:41.6770,0.242,0.255,-0.289,-10.42,5.64,-2.54,-2.75,-1.74,-1.33
2022-01-31 9:37:41.6770,0.425,0.11,-0.356,-10.42,5.64,-2.54,-2.75,-1.74,-1.33
2022-01-31 9:37:41.6770,0.579,0.165,-0.377,-10.42,5.64,-2.54,-2.75,-1.74,-1.33
2022-01-31 9:37:41.6770,0.682,0.192,-0.317,-10.42,5.64,-2.54,-2.75,-1.74,-1.33
2022-01-31 9:37:41.6770,0.699,0.378,-0.161,-10.42,5.64,-2.54,-2.75,-1.74,-1.33
2022-01-31 9:37:41.6770,0.596,0.378,-0.161,-10.42,5.64,-2.54,-2.75,-1.74,-1.33
2022-01-31 9:37:41.6770,0.498,0.634,-0.089,-10.42,5.64,-2.54,-2.75,-1.74,-1.33
2022-01-31 9:37:41.6770,0.498,0.634,-0.089,-10.42,5.64,-2.54,-2.75,-1.74,-1.33
2022-01-31 9:37:41.6770,0.43,0.753,-0.155,-10.42,5.64,-2.54,-2.75,-1.74,-1.33
2022-01-31 9:37:41.6770,0.43,0.753,-0.155,-10.42,5.64,-2.54,-2.75,-1.74,-1.33
2022-01-31 9:37:41.6770,0.628,0.804,-0.306,-10.42,5.64,-2.54,-2.45,-1.72,-1.63
2022-01-31 9:37:41.6770,0.732,0.72,-0.248,-10.42,5.64,-2.54,-2.45,-1.72,-1.63
2022-01-31 9:37:41.6810,0.989,0.44,-0.122,-10.42,5.64,-2.54,-2.0,-0.93,-1.57
2022-01-31 9:37:41.6890,1.266,0.388,-0.041,-10.42,5.64,-2.54,-1.4,-0.29,-1.73
2022-01-31 9:37:41.6860,1.219,0.488,-0.095,-10.42,5.64,-2.54,-1.0,-0.01,-2.09
2022-01-31 9:37:41.6860,1.129,0.418,-0.045,-10.42,5.64,-2.54,-1.11,0.44,-2.38
2022-01-31 9:37:41.6870,1.211,0.376,0.003,-10.42,5.64,-2.54,-1.34,0.6,-2.47
2022-01-31 9:37:41.6890,1.327,0.429,-0.127,-10.42,5.64,-2.54,-1.13,0.79,-2.31
2022-01-31 9:37:41.6900,1.686,0.355,-0.499,-10.42,5.64,-2.54,-0.72,0.48,-2.12
Time,1.842,0.282,-0.709,-10.42,5.64,-2.54,-0.58,-0.19,-2.05
2022-01-31 9:37:41.7080,1.663,0.343,-0.553,-10.42,5.64,-2.54,-0.51,-0.7,-2.11
2022-01-31 9:37:41.7170,1.412,0.405,-0.436,-10.42,5.64,-2.54,-0.5,-0.45,-2.14
2022-01-31 9:37:41.7220,1.274,0.348,-0.165,-10.42,5.64,-2.54,-0.69,0.33,-2.12
Time,1.087,0.454,0.036,-10.42,5.64,-2.54,-0.78,1.02,-2.24
2022-01-31 9:37:41.7400,1.118,0.492,-0.063,-10.42,5.64,-2.54,-0.61,1.31,-2.12
2022-01-31 9:37:41.7560,1.183,0.475,-0.25,-10.42,5.64,-2.54,-0.26,1.25,-1.88
2022-01-31 9:37:41.7600,1.196,0.45,-0.342,-10.42,5.64,-2.54,-0.03,0.91,-1.73
2022-01-31 9:37:41.7710,1.121,0.5,-0.299,-10.42,5.64,-2.54,0.01,0.47,-1.78
2022-01-31 9:37:41.7840,0.962,0.667,-0.323,-10.42,5.64,-2.54,0.03,0.15,-1.77
2022-01-31 9:37:41.7900,0.862,0.674,-0.344,-10.42,5.64,-2.54,0.16,0.23,-1.61
2022-01-31 9:37:41.8020,0.799,0.538,-0.104,-10.42,5.64,-2.54,-0.28,0.62,-1.63
2022-01-31 9:37:41.8140,0.539,0.678,0.336,-10.42,5.64,-2.54,-1.32,1.48,-1.81
2022-01-31 9:37:41.8200,0.447,0.812,0.352,-10.42,5.64,-2.54,-2.5,2.79,-2.53
2022-01-31 9:37:41.8340,-0.094,0.656,0.104,-10.42,5.64,-2.54,-1.47,4.86,-4.91
2022-01-31 9:37:41.8410,1.047,0.359,-0.354,-10.42,5.64,-2.54,-1.91,4.04,-4.76
2022-01-31 9:37:41.8510,2.108,0.271,0.024,-10.42,5.64,-2.54,-2.27,3.48,-4.7
2022-01-31 9:37:41.8510,0.987,0.195,0.33,-10.42,5.64,-2.54,-2.48,4.19,-4.04
2022-01-31 9:37:41.8510,0.966,-0.299,0.398,-10.42,5.64,-2.54,-2.53,4.42,-2.72
2022-01-31 9:37:41.8860,0.92,-0.365,0.115,-10.42,5.64,-2.54,-2.49,3.46,-1.63
2022-01-31 9:37:41.8960,0.824,-0.115,-0.185,-10.42,5.64,-2.54,-2.3,1.55,-0.64
2022-01-31 9:37:41.9010,0.76,0.108,-0.356,-10.42,5.64,-2.54,-1.95,-0.88,-0.04
2022-01-31 9:37:41.9140,0.768,0.44,-0.484,-10.42,5.64,-2.54,-1.3,-3.0,0.39
2022-01-31 9:37:41.9270,1.265,0.729,-0.086,-10.42,5.64,-2.54,-0.86,-2.42,0.91
2022-01-31 9:37:41.9320,1.445,0.83,0.719,-10.42,5.64,-2.54,-0.58,-1.74,1.42
2022-01-31 9:37:41.9460,1.244,0.71,0.331,-11.86,7.05,-1.89,-0.5,-2.0,1.99
2022-01-31 9:37:41.9520,1.111,0.522,0.262,-11.86,7.05,-1.89,-0.66,-2.22,2.63
2022-01-31 9:37:41.9650,1.048,0.427,0.366,-11.86,7.05,-1.89,-0.98,-2.77,3.03
2022-01-31 9:37:41.9720,0.917,0.499,0.291,-11.86,7.05,-1.89,-1.35,-3.65,2.89
2022-01-31 9:37:41.9830,0.577,0.614,0.115,-11.86,7.05,-1.89,-1.32,-4.62,2.16
2022-01-31 9:37:41.9920,0.242,0.679,-0.022,-11.86,7.05,-1.89,-0.92,-4.53,1.11
2022-01-31 9:37:42.0000,0.149,0.74,0.361,-11.86,7.05,-1.89,-0.58,-3.06,0.12
2022-01-31 9:37:42.0150,0.18,0.693,0.649,-11.86,7.05,-1.89,-0.48,-1.83,-0.56
Time,0.202,0.585,0.537,-11.86,7.05,-1.89,-0.51,-1.16,-0.88
2022-01-31 9:37:42.0330,0.307,0.539,0.436,-11.86,7.05,-1.89,-0.59,-0.68,-0.8
2022-01-31 9:37:42.0460,0.572,0.618,0.41,-11.86,7.05,-1.89,-0.63,-0.36,-0.3
2022-01-31 9:37:42.0520,0.899,0.765,0.318,-11.86,7.05,-1.89,-0.67,-0.4,0.42
2022-01-31 9:37:42.0640,1.036,0.916,0.187,-11.86,7.05,-1.89,-0.71,-0.55,1.02
2022-01-31 9:37:42.0770,0.939,0.992,0.13,-11.86,7.05,-1.89,-0.64,-0.15,1.32
2022-01-31 9:37:42.0830,0.788,0.947,0.178,-11.86,7.05,-1.89,-0.56,0.57,1.44
2022-01-31 9:37:42.0960,0.73,0.825,0.171,-11.86,7.05,-1.89,-0.5,1.24,1.54
2022-01-31 9:37:42.1030,0.75,0.767,0.158,-11.86,7.05,-1.89,-0.55,1.84,1.58
2022-01-31 9:37:42.1140,0.801,0.818,0.203,-11.86,7.05,-1.89,-0.66,2.51,1.56
2022-01-31 9:37:42.1230,0.826,0.835,0.281,-11.86,7.05,-1.89,-0.7,3.25,1.52
2022-01-31 9:37:42.1370,0.803,0.765,0.264,-11.86,7.05,-1.89,-0.64,3.71,1.45
2022-01-31 9:37:42.1430,0.771,0.702,0.183,-11.86,7.05,-1.89,-0.5,3.86,1.33
2022-01-31 9:37:42.1550,0.753,0.656,0.174,-10.98,7.0,-0.97,-0.41,3.95,1.15
Time,0.749,0.599,0.28,-10.98,7.0,-0.97,-0.5,4.11,0.88
2022-01-31 9:37:42.1740,0.665,0.339,0.48,-10.98,7.0,-0.97,-0.58,3.97,0.56
2022-01-31 9:37:42.1870,0.258,0.421,-0.456,-10.98,7.0,-0.97,0.19,1.32,-0.46
2022-01-31 9:37:42.1930,0.156,0.877,-0.748,-10.98,7.0,-0.97,0.71,0.58,-1.48
2022-01-31 9:37:42.2050,0.639,0.738,0.575,-10.98,7.0,-0.97,0.95,1.73,-1.75
2022-01-31 9:37:42.2170,0.911,0.527,0.674,-10.98,7.0,-0.97,0.6,1.12,-1.54
2022-01-31 9:37:42.2240,0.983,0.401,0.233,-10.98,7.0,-0.97,-0.06,0.06,-1.31
2022-01-31 9:37:42.2360,0.94,0.456,0.172,-10.98,7.0,-0.97,-0.41,-0.37,-1.25
2022-01-31 9:37:42.2440,0.887,0.633,0.245,-10.98,7.0,-0.97,-0.4,-0.16,-1.15
2022-01-31 9:37:42.2550,0.803,0.619,0.233,-10.98,7.0,-0.97,-0.15,0.06,-1.08
2022-01-31 9:37:42.2640,0.67,0.503,0.132,-10.98,7.0,-0.97,0.18,0.07,-1.03
2022-01-31 9:37:42.2760,0.532,0.427,0.106,-10.98,7.0,-0.97,0.47,-0.03,-1.11
2022-01-31 9:37:42.2840,0.377,0.468,0.069,-10.98,7.0,-0.97,0.73,-0.32,-1.35
2022-01-31 9:37:42.2960,0.288,0.538,0.003,-10.47,7.79,-2.2,1.04,-0.57,-1.64
2022-01-31 9:37:42.3090,0.364,0.533,-0.044,-10.47,7.79,-2.2,1.45,-0.63,-1.76
2022-01-31 9:37:42.3140,0.533,0.56,-0.018,-10.47,7.79,-2.2,1.91,-0.49,-1.78
2022-01-31 9:37:42.3270,0.706,0.685,0.063,-10.47,7.79,-2.2,2.33,-0.25,-1.9
Time,0.852,0.845,0.239,-10.47,7.79,-2.2,2.62,0.17,-2.21
2022-01-31 9:37:42.3450,0.967,0.974,0.437,-10.47,7.79,-2.2,2.65,0.49,-2.65
2022-01-31 9:37:42.3570,1.059,0.991,0.554,-10.47,7.79,-2.2,2.36,0.48,-2.88
2022-01-31 9:37:42.3650,1.184,0.873,0.594,-10.47,7.79,-2.2,1.84,0.14,-2.7
2022-01-31 9:37:42.3760,1.303,0.658,0.581,-10.47,7.79,-2.2,1.26,-0.04,-2.24
2022-01-31 9:37:42.3850,1.343,0.516,0.684,-10.66,9.57,-2.25,0.77,0.14,-1.81
2022-01-31 9:37:42.3970,1.278,0.477,0.714,-10.66,9.57,-2.25,0.44,0.5,-1.57
Time,1.165,0.49,0.664,-10.66,9.57,-2.25,0.32,1.02,-1.56
2022-01-31 9:37:42.4150,1.095,0.503,0.656,-10.66,9.57,-2.25,0.43,2.2,-1.67
2022-01-31 9:37:42.4290,1.18,0.527,0.966,-10.66,9.57,-2.25,0.64,4.32,-1.71
2022-01-31 9:37:42.4350,1.174,0.57,1.018,-10.66,9.57,-2.25,0.91,5.75,-1.6
2022-01-31 9:37:42.4490,0.962,0.675,0.791,-10.66,9.57,-2.25,1.38,7.04,-1.26
2022-01-31 9:37:42.4550,0.825,0.686,0.601,-10.47,10.39,-1.98,2.04,7.61,-0.59
2022-01-31 9:37:42.4690,0.713,0.609,0.195,-10.47,10.39,-1.98,2.73,7.37,0.11
2022-01-31 9:37:42.4760,0.511,0.605,-0.125,-10.47,10.39,-1.98,3.35,6.52,0.61
2022-01-31 9:37:42.4870,0.304,0.557,-0.402,-10.47,10.39,-1.98,3.77,5.0,1.04
2022-01-31 9:37:42.5010,0.219,0.359,-0.649,-10.47,10.39,-1.98,3.93,3.25,1.33
2022-01-31 9:37:42.5060,0.092,0.348,-0.56,-9.92,9.74,-2.01,3.95,1.28,1.11
2022-01-31 9:37:42.5190,-0.321,0.762,-0.765,-9.92,9.74,-2.01,2.7,-0.92,0.52
2022-01-31 9:37:42.5260,-0.47,1.093,-0.282,-9.92,9.74,-2.01,0.01,-2.64,0.15
2022-01-31 9:37:42.5380,-0.4,0.869,-0.366,-9.92,9.74,-2.01,-1.55,-4.6,-0.31
2022-01-31 9:37:42.5510,-0.31,0.493,-0.547,-9.45,8.43,-2.17,-2.02,-6.32,-0.58
2022-01-31 9:37:42.5560,-0.117,0.31,-0.386,-9.45,8.43,-2.17,-2.13,-7.13,-0.61
2022-01-31 9:37:42.5700,0.105,0.301,-0.067,-8.88,6.52,-1.97,-2.22,-6.99,-0.51
2022-01-31 9:37:42.5760,0.31,0.37,0.146,-8.88,6.52,-1.97,-2.26,-6.08,-0.27
2022-01-31 9:37:42.5890,0.517,0.585,0.349,-8.88,6.52,-1.97,-2.17,-4.11,-0.23
2022-01-31 9:37:42.6010,0.778,1.159,0.659,-7.16,3.42,-2.03,-1.91,-1.02,-0.92
2022-01-31 9:37:42.6070,1.088,2.005,0.754,-7.16,3.42,-2.03,-1.37,1.25,-2.75
2022-01-31 9:37:42.6190,1.408,2.221,0.279,-3.98,-0.29,-0.99,-0.65,1.77,-4.05
Time,1.472,1.478,-0.013,-3.98,-0.29,-0.99,0.44,1.08,-4.32
2022-01-31 9:37:42.6370,1.56,1.102,-0.102,-2.25,-2.94,1.25,2.15,-0.81,-3.16
2022-01-31 9:37:42.6510,1.489,0.964,0.192,1.4,-4.92,2.81,3.22,-1.04,-2.35
2022-01-31 9:37:42.6570,1.15,0.946,0.645,1.4,-4.92,2.81,3.54,-0.11,-2.42
2022-01-31 9:37:42.6680,0.708,0.987,0.712,3.51,-4.76,2.08,3.56,1.42,-2.85
2022-01-31 9:37:42.6810,0.37,0.929,0.771,3.51,-4.76,2.08,3.53,2.84,-3.24
2022-01-31 9:37:42.6870,0.293,0.862,0.604,4.89,-3.02,2.05,3.45,3.6,-3.49
2022-01-31 9:37:42.6980,0.189,0.682,0.303,4.89,-3.02,2.05,3.32,3.43,-3.21
2022-01-31 9:37:42.7090,0.118,0.517,0.107,6.43,-2.77,1.58,3.08,3.04,-2.15
Time,0.081,0.455,0.142,6.43,-2.77,1.58,2.58,2.99,-0.54
2022-01-31 9:37:42.7280,0.043,0.459,0.237,6.6,-2.93,1.93,1.79,3.45,1.25
2022-01-31 9:37:42.7410,-0.05,0.522,0.278,6.6,-2.93,1.93,0.88,4.19,2.6
2022-01-31 9:37:42.7480,-0.266,0.738,0.168,6.56,-3.43,1.71,-0.38,3.88,2.95
2022-01-31 9:37:42.7610,-0.601,1.177,-0.157,6.56,-3.43,1.71,-1.4,2.75,2.17
2022-01-31 9:37:42.7680,-0.825,1.451,-0.361,7.07,-3.82,1.41,-1.92,1.56,0.83
2022-01-31 9:37:42.7810,-0.865,1.571,-0.482,7.07,-3.82,1.41,-1.89,0.83,-0.62
2022-01-31 9:37:42.7880,-0.781,1.541,-0.513,7.99,-3.36,1.38,-1.45,0.66,-1.74
2022-01-31 9:37:42.8000,-0.568,1.361,-0.508,7.99,-3.36,1.38,-0.88,0.68,-2.37
2022-01-31 9:37:42.8120,-0.324,1.114,-0.486,7.55,-1.48,1.21,-0.35,0.58,-2.62
2022-01-31 9:37:42.8180,-0.153,0.92,-0.462,5.85,0.33,1.92,0.13,0.42,-2.64
2022-01-31 9:37:42.8300,-0.05,0.822,-0.411,5.85,0.33,1.92,0.54,0.33,-2.52
Time,0.02,0.815,-0.38,4.24,0.01,2.39,0.91,0.24,-2.36
2022-01-31 9:37:42.8480,0.059,0.849,-0.367,4.24,0.01,2.39,1.18,0.04,-2.2
2022-01-31 9:37:42.8620,0.094,0.943,-0.348,3.2,-0.6,2.08,1.34,-0.21,-2.04
Time,0.152,1.099,-0.351,2.68,-0.59,1.03,1.43,-0.47,-1.82
2022-01-31 9:37:42.8800,0.341,1.078,-0.345,2.68,-0.59,1.03,1.6,-0.35,-1.53
2022-01-31 9:38:50.0980,0.412,1.201,-0.336,6.48,-1.58,-1.02,1.62,-0.52,-1.22
2022-01-31 9:38:50.1010,0.258,1.598,-0.382,-0.22,-1.36,-2.53,1.59,-0.74,-0.91
2022-01-31 9:38:50.1020,0.325,1.571,-0.367,-1.59,-4.04,-0.42,1.49,-2.22,-0.46
2022-01-31 9:38:50.1030,0.534,1.458,-0.349,-1.59,-4.04,-0.42,1.12,-5.25,0.15
2022-01-31 9:38:50.1020,0.649,1.27,-0.204,0.2,-3.28,-0.97,0.66,-7.53,0.64
2022-01-31 9:37:42.8890,0.557,1.053,-0.05,0.37,-2.93,-0.8,0.3,-8.33,0.99
2022-01-31 9:38:50.0780,0.47,0.915,0.041,-1.29,-0.87,1.71,0.27,-7.89,1.2
2022-01-31 9:38:50.1050,0.499,0.517,0.229,-7.26,2.07,-3.83,1.83,-5.02,0.08
2022-01-31 9:38:50.0990,0.614,0.359,0.553,-6.98,2.78,-4.51,1.22,-3.85,-0.01
2022-01-31 9:38:50.1290,0.472,1.021,0.836,-4.02,1.23,-3.3,-0.05,-2.7,0.42
2022-01-31 9:38:50.1150,0.248,1.306,0.912,0.34,2.7,6.71,-0.74,-0.64,0.85
Time,0.064,1.296,0.824,0.34,2.7,6.71,-0.68,1.27,0.88
2022-01-31 9:38:50.1240,-0.115,1.345,0.517,8.52,-1.64,6.88,-0.44,2.37,0.75
2022-01-31 9:38:50.1080,-0.202,1.314,0.224,7.96,-0.83,5.22,-0.33,2.59,0.6
2022-01-31 9:38:50.1420,-0.226,1.223,-0.021,1.78,5.13,1.11,-0.42,2.1,0.37
2022-01-31 9:38:50.1330,-0.233,1.152,-0.194,-9.25,-14.01,-1.69,-0.32,1.08,-0.44
Time,-0.234,1.143,-0.255,-9.25,-14.01,-1.69,-0.32,1.08,-0.44
2022-01-31 9:38:50.1330,-0.183,1.056,-0.234,-9.25,-14.01,-1.69,-0.27,0.86,-0.62
2022-01-31 9:38:50.1330,-0.089,0.909,-0.178,-9.25,-14.01,-1.69,-0.27,0.86,-0.62
2022-01-31 9:38:50.1370,-0.043,0.839,-0.142,-10.61,-7.49,2.27,-0.34,0.7,-0.46
2022-01-31 9:38:50.1440,-0.028,0.818,-0.138,-10.61,-7.49,2.27,-0.36,0.56,-0.33
2022-01-31 9:38:50.1560,-0.018,0.831,-0.154,-9.46,-0.02,-3.79,-0.35,0.32,-0.23
2022-01-31 9:38:50.1480,-0.006,0.879,-0.168,-9.46,-0.02,-3.79,-0.32,0.05,-0.16
2022-01-31 9:38:50.1580,0.006,0.952,-0.177,-9.46,-0.02,-3.79,-0.27,-0.25,-0.1
2022-01-31 9:38:50.1510,0.025,1.009,-0.17,-9.46,-0.02,-3.79,-0.24,-0.53,-0.02
2022-01-31 9:38:50.1500,0.053,1.024,-0.146,-9.46,-0.26,-5.42,-0.23,-0.82,0.09
2022-01-31 9:38:50.1530,0.068,1.035,-0.12,-5.49,-0.26,-5.42,-0.25,-1.13,0.2
Time,0.064,1.045,-0.095,-5.49,-0.26,-5.42,-0.27,-1.43,0.28
2022-01-31 9:38:50.1590,0.051,1.051,-0.063,-5.49,-0.26,-5.42,-0.3,-1.72,0.33
2022-01-31 9:38:50.1590,0.031,1.055,-0.018,-1.84,0.13,-6.34,-0.35,-2.0,0.36
2022-01-31 9:38:50.1590,0.017,1.048,0.035,-1.13,0.89,-5.53,-0.42,-2.23,0.4
Time,0.01,1.04,0.1,-0.54,2.47,-3.11,-0.53,-2.4,0.45
2022-01-31 9:38:50.1670,0.012,1.031,0.17,-0.54,2.47,-3.11,-0.64,-2.53,0.51
2022-01-31 9:38:50.1620,0.023,1.017,0.246,-0.54,2.47,-3.11,-0.7,-2.54,0.59
Time,0.036,1.005,0.327,-0.04,4.31,-0.85,-0.69,-2.32,0.66
Time,0.054,1.0,0.408,-0.04,4.31,-0.85,-0.69,-2.32,0.66
2022-01-31 9:38:50.1630,0.074,0.993,0.468,-0.04,4.31,-0.85,-0.7,-1.14,0.83
Time,0.094,0.989,0.484,0.21,5.23,-1.06,-0.82,-0.5,0.92
2022-01-31 9:38:50.1670,0.107,0.997,0.438,0.21,5.23,-1.06,-0.97,-0.05,0.96
2022-01-31 9:38:50.1690,0.093,1.017,0.34,0.53,5.28,-2.17,-1.07,0.2,0.93
2022-01-31 9:38:50.1700,0.053,1.031,0.197,0.53,5.28,-2.17,-1.09,0.29,0.81
2022-01-31 9:38:50.1770,0.012,1.039,0.04,1.39,4.85,-2.89,-1.02,0.32,0.67
2022-01-31 9:38:50.1710,-0.024,1.049,-0.082,1.39,4.85,-2.89,-0.86,0.33,0.53
2022-01-31 9:38:50.1710,-0.028,1.061,-0.162,1.39,4.85,-2.89,-0.86,0.33,0.53
2022-01-31 9:38:50.1740,0.003,1.065,-0.176,1.39,4.85,-2.89,-0.64,-0.47,0.35
2022-01-31 9:38:50.1750,0.084,1.056,-0.111,9.71,-4.18,3.33,-0.81,-1.59,0.41
2022-01-31 9:38:50.1770,0.186,1.036,0.014,9.71,-4.18,3.33,-1.12,-2.78,0.5
2022-01-31 9:38:50.1780,0.198,1.029,0.116,9.71,-4.18,3.33,-1.49,-3.84,0.54
2022-01-31 9:38:50.1780,0.184,1.042,0.223,9.71,-4.18,3.33,-1.84,-4.74,0.51
Time,0.162,1.053,0.336,9.71,-4.18,3.33,-1.96,-5.27,0.42
2022-01-31 9:38:50.1800,0.11,1.02,0.436,10.49,-5.61,4.85,-1.56,-4.93,0.3
2022-01-31 9:38:50.1830,0.02,0.971,0.589,10.49,-5.61,4.85,-1.01,-3.29,0.21
2022-01-31 9:38:50.1840,-0.074,0.918,0.757,9.91,-5.77,5.58,-0.72,-1.0,0.11
Time,-0.145,0.885,0.678,9.91,-5.77,5.58,-0.71,0.83,-0.08
2022-01-31 9:38:50.1850,-0.156,0.875,0.411,7.89,-4.26,5.7,-0.73,1.89,-0.26
2022-01-31 9:38:50.1850,-0.083,0.865,0.167,7.89,-4.26,5.7,-0.7,2.32,-0.4
2022-01-31 9:38:50.1870,-0.007,0.868,-0.001,7.89,-4.26,5.7,-0.62,2.27,-0.5
2022-01-31 9:38:50.1870,0.063,0.858,-0.109,7.89,-4.26,5.7,-0.54,1.9,-0.54
2022-01-31 9:38:50.1900,0.139,0.83,-0.152,7.89,-4.26,5.7,-0.48,1.35,-0.53
2022-01-31 9:38:50.1930,0.207,0.809,-0.164,5.21,-1.87,5.6,-0.41,0.76,-0.47
Time,0.274,0.794,-0.166,5.21,-1.87,5.6,-0.31,0.23,-0.38
2022-01-31 9:38:50.1910,0.323,0.791,-0.151,3.05,0.28,5.42,-0.17,-0.27,-0.29
Time,0.347,0.81,-0.128,3.05,0.28,5.42,-0.02,-0.74,-0.23
2022-01-31 9:38:50.1920,0.355,0.842,-0.07,1.67,1.51,4.95,0.09,-1.21,-0.2
2022-01-31 9:38:50.1940,0.344,0.883,0.023,0.64,1.79,4.5,0.13,-1.62,-0.2
2022-01-31 9:38:50.1940,0.342,0.909,0.142,0.64,1.79,4.5,0.08,-1.91,-0.19
2022-01-31 9:38:50.1980,0.35,0.922,0.296,0.64,1.79,4.5,0.06,-1.95,-0.16
2022-01-31 9:38:50.1970,0.353,0.927,0.461,0.64,1.79,4.5,0.14,-1.55,-0.1
2022-01-31 9:38:50.1980,0.341,0.93,0.657,0.64,1.79,4.5,0.21,-0.63,-0.03
2022-01-31 9:38:50.2000,0.297,0.918,0.81,-0.01,1.56,4.28,0.19,0.49,-0.0
2022-01-31 9:38:50.2020,0.231,0.9,0.804,-0.01,1.56,4.28,0.03,1.25,-0.04
2022-01-31 9:38:50.2020,0.181,0.882,0.662,-0.01,1.56,4.28,-0.18,1.52,-0.12
Time,0.16,0.862,0.498,-0.57,0.86,3.95,-0.31,1.45,-0.19
2022-01-31 9:38:50.2040,0.152,0.846,0.358,-0.57,0.86,3.95,-0.31,1.19,-0.23
2022-01-31 9:38:50.2040,0.161,0.84,0.262,-0.57,0.86,3.95,-0.2,0.8,-0.22
2022-01-31 9:38:50.2060,0.163,0.846,0.235,-0.57,0.86,3.95,-0.07,0.31,-0.18
2022-01-31 9:38:50.2090,0.159,0.867,0.284,-0.57,0.86,3.95,0.03,-0.15,-0.1
2022-01-31 9:38:50.2070,0.163,0.888,0.366,-0.57,0.86,3.95,0.08,-0.5,-0.01
Time,0.157,0.906,0.438,-0.57,0.86,3.95,0.11,-0.72,0.04
Time,0.142,0.928,0.475,-1.2,-0.66,3.79,0.13,-0.76,0.06
2022-01-31 9:38:50.2120,0.132,0.948,0.487,-1.2,-0.66,3.79,0.16,-0.63,0.04
2022-01-31 9:38:50.2110,0.128,0.964,0.491,-1.2,-0.66,3.79,0.17,-0.35,0.0
2022-01-31 9:38:50.2150,0.129,0.987,0.49,-1.2,-0.66,3.79,0.17,-0.06,-0.06
2022-01-31 9:38:50.2160,0.142,1.026,0.477,-1.2,-0.66,3.79,0.18,0.17,-0.11
2022-01-31 9:38:50.2140,0.177,1.095,0.475,-1.2,-0.66,3.79,0.15,0.32,-0.15
2022-01-31 9:38:50.2150,0.221,1.211,0.469,-1.2,-0.66,3.79,0.09,0.36,-0.17
2022-01-31 9:38:50.2160,0.264,1.349,0.449,-2.86,-1.02,3.7,0.0,0.38,-0.16
2022-01-31 9:38:50.2170,0.345,1.431,0.417,-2.86,-1.02,3.7,-0.09,0.31,-0.1
2022-01-31 9:38:50.2200,0.431,1.403,0.362,-2.86,-1.02,3.7,-0.19,0.1,0.05
2022-01-31 9:38:50.2210,0.487,1.255,0.278,-2.86,-1.02,3.7,-0.23,-0.16,0.16
Time,0.41,1.071,0.146,-2.86,-1.02,3.7,-0.19,-0.33,0.16
2022-01-31 9:38:50.2210,0.271,0.923,0.017,-2.86,-1.02,3.7,-0.07,-0.35,0.06
Time,0.133,0.806,-0.079,-2.86,-1.02,3.7,0.08,-0.31,-0.07
2022-01-31 9:38:50.2240,0.019,0.719,-0.144,-2.86,-1.02,3.7,0.24,-0.25,-0.19
2022-01-31 9:38:50.2240,-0.038,0.659,-0.161,-4.53,-1.1,3.27,0.39,-0.21,-0.25
2022-01-31 9:38:50.2270,-0.056,0.632,-0.134,-4.53,-1.1,3.27,0.57,-0.17,-0.29
2022-01-31 9:38:50.2270,-0.094,0.654,-0.076,-4.53,-1.1,3.27,0.81,-0.24,-0.36
Time,-0.15,0.742,0.019,-4.53,-1.1,3.27,1.09,-0.46,-0.42
2022-01-31 9:38:50.2270,-0.176,0.888,0.159,-4.53,-1.1,3.27,1.27,-0.68,-0.43
2022-01-31 9:38:50.2340,-0.173,1.037,0.288,-4.53,-1.1,3.27,1.2,-0.68,-0.38
2022-01-31 9:38:50.2300,-0.166,1.138,0.345,-4.53,-1.1,3.27,0.9,-0.39,-0.31
2022-01-31 9:38:50.2350,-0.178,1.195,0.298,-4.53,-1.1,3.27,0.57,0.09,-0.31
2022-01-31 9:38:50.2320,-0.197,1.212,0.193,-4.53,-1.1,3.27,0.38,0.51,-0.4
2022-01-31 9:38:50.2330,-0.211,1.193,0.1,-4.53,-1.1,3.27,0.33,0.73,-0.56
2022-01-31 9:38:50.2340,-0.203,1.135,0.037,-3.09,-5.27,3.64,0.34,0.8,-0.69
2022-01-31 9:38:50.2350,-0.157,1.045,0.004,-3.09,-5.27,3.64,0.34,0.82,-0.74
2022-01-31 9:38:50.2360,-0.1,0.97,-0.011,-3.09,-5.27,3.64,0.3,0.88,-0.75
2022-01-31 9:38:50.2360,-0.056,0.926,-0.026,-3.09,-5.27,3.64,0.25,0.99,-0.75
Time,-0.018,0.923,-0.041,-3.09,-5.27,3.64,0.2,1.15,-0.77
2022-01-31 9:38:50.2380,0.0,0.952,-0.067,-3.09,-5.27,3.64,0.19,1.32,-0.82
2022-01-31 9:38:50.2450,0.023,0.991,-0.1,-3.09,-5.27,3.64,0.22,1.48,-0.93
2022-01-31 9:38:50.2450,0.069,1.022,-0.121,-3.09,-5.27,3.64,0.31,1.65,-0.93
2022-01-31 9:38:50.2410,0.127,1.041,-0.142,-3.09,-5.27,3.64,0.47,1.75,-0.94
2022-01-31 9:38:50.2430,0.18,1.043,-0.174,-3.09,-5.27,3.64,0.7,1.7,-0.92
2022-01-31 9:38:50.2420,0.223,1.028,-0.198,-3.09,-5.27,3.64,0.94,1.56,-0.87
2022-01-31 9:38:50.2440,0.244,1.004,-0.188,-3.29,-5.88,3.39,1.14,1.45,-0.77
2022-01-31 9:38:50.2450,0.255,0.973,-0.169,-3.29,-5.88,3.39,1.26,1.37,-0.63
2022-01-31 9:38:50.2500,0.249,0.929,-0.164,-3.29,-5.88,3.39,1.36,1.21,-0.44
2022-01-31 9:38:50.2470,0.224,0.886,-0.176,-3.29,-5.88,3.39,1.46,0.94,-0.24
2022-01-31 9:38:50.2460,0.193,0.859,-0.198,-3.29,-5.88,3.39,1.55,0.57,-0.02
2022-01-31 9:38:50.2470,0.156,0.856,-0.205,-3.29,-5.88,3.39,1.62,0.15,0.19
2022-01-31 9:38:50.2490,0.111,0.879,-0.18,-3.29,-5.88,3.39,1.66,-0.27,0.33
2022-01-31 9:38:50.2500,0.053,0.928,-0.162,-3.29,-5.88,3.39,1.67,-0.69,0.43
2022-01-31 9:38:50.2510,0.018,0.949,-0.153,-3.29,-5.88,3.39,1.65,-1.13,0.49
2022-01-31 9:38:50.2560,-0.003,0.987,-0.136,-3.29,-5.88,3.39,1.58,-1.54,0.53
2022-01-31 9:38:50.2520,-0.016,1.023,-0.107,-3.29,-5.88,3.39,1.47,-1.92,0.54
2022-01-31 9:38:50.2530,-0.028,1.062,-0.086,-3.29,-5.88,3.39,1.35,-2.3,0.49
2022-01-31 9:38:50.2550,-0.047,1.09,-0.064,-5.17,-4.82,3.2,1.21,-2.62,0.41
2022-01-31 9:38:50.2560,-0.061,1.089,-0.017,-5.17,-4.82,3.2,1.05,-2.86,0.31
2022-01-31 9:38:50.2570,-0.08,1.074,0.035,-5.17,-4.82,3.2,0.89,-3.04,0.18
2022-01-31 9:38:50.2560,-0.108,1.059,0.08,-5.17,-4.82,3.2,0.76,-3.16,0.06
2022-01-31 9:38:50.2570,-0.123,1.041,0.137,-5.17,-4.82,3.2,0.63,-3.09,-0.06
2022-01-31 9:38:50.2580,-0.137,1.034,0.206,-5.17,-4.82,3.2,0.52,-2.75,-0.16
Time,-0.138,1.02,0.243,-5.17,-4.82,3.2,0.41,-2.13,-0.25
2022-01-31 9:38:50.2610,-0.132,1.018,0.244,-5.17,-4.82,3.2,0.31,-1.33,-0.37
2022-01-31 9:38:50.2620,-0.131,1.011,0.221,-5.17,-4.82,3.2,0.21,-0.5,-0.52
2022-01-31 9:38:50.2620,-0.123,1.006,0.168,-5.17,-4.82,3.2,0.13,0.23,-0.68
2022-01-31 9:38:50.2640,-0.094,1.012,0.093,-5.17,-4.82,3.2,0.07,0.77,-0.82
2022-01-31 9:38:50.2630,-0.052,1.026,0.029,-5.17,-4.82,3.2,0.01,1.13,-0.94
Time,-0.008,1.042,-0.026,-5.17,-4.82,3.2,-0.03,1.35,-1.01
2022-01-31 9:38:50.2670,0.041,1.051,-0.08,-5.17,-4.82,3.2,-0.03,1.39,-1.03
2022-01-31 9:38:50.2670,0.095,1.054,-0.134,-5.17,-4.82,3.2,0.03,1.19,-1.02
2022-01-31 9:38:50.2680,0.149,1.059,-0.191,-5.17,-4.82,3.2,0.14,0.75,-0.98
2022-01-31 9:38:50.2690,0.193,1.058,-0.218,-6.79,-3.23,2.01,0.24,0.24,-0.88
2022-01-31 9:38:50.2690,0.225,1.044,-0.213,-6.79,-3.23,2.01,0.31,-0.22,-0.73
2022-01-31 9:38:50.2720,0.248,1.021,-0.187,-6.79,-3.23,2.01,0.32,-0.57,-0.54
2022-01-31 9:38:50.2730,0.254,1.0,-0.155,-6.79,-3.23,2.01,0.28,-0.78,-0.37
2022-01-31 9:38:50.2720,0.248,0.989,-0.127,-6.79,-3.23,2.01,0.21,-0.91,-0.25
2022-01-31 9:38:50.2730,0.241,0.999,-0.116,-6.79,-3.23,2.01,0.16,-1.01,-0.2
2022-01-31 9:38:50.2750,0.242,1.034,-0.121,-6.79,-3.23,2.01,0.19,-1.19,-0.21
2022-01-31 9:38:50.2750,0.268,1.082,-0.14,-6.79,-3.23,2.01,0.28,-1.48,-0.24
2022-01-31 9:38:50.2820,0.318,1.136,-0.125,-6.79,-3.23,2.01,0.35,-1.76,-0.21
2022-01-31 9:38:50.2780,0.392,1.188,-0.052,-6.79,-3.23,2.01,0.34,-1.98,-0.08
Time,0.457,1.25,0.049,-6.79,-3.23,2.01,0.16,-2.12,0.14
Time,0.493,1.297,0.164,-6.79,-3.23,2.01,-0.11,-2.18,0.39
2022-01-31 9:38:50.2790,0.49,1.294,0.281,-6.79,-3.23,2.01,-0.46,-2.11,0.65
2022-01-31 9:38:50.2840,0.457,1.264,0.387,-6.79,-3.23,2.01,-0.82,-1.86,0.91
2022-01-31 9:38:50.2800,0.415,1.21,0.491,-6.79,-3.23,2.01,-1.18,-1.34,1.16
2022-01-31 9:38:50.2840,0.355,1.121,0.558,-6.79,-3.23,2.01,-1.49,-0.58,1.38
2022-01-31 9:38:50.2840,0.283,1.033,0.564,-6.79,-3.23,2.01,-1.73,0.36,1.52
Time,0.204,0.973,0.486,-6.79,-3.23,2.01,-1.9,1.27,1.58
2022-01-31 9:38:50.2840,0.123,0.947,0.351,-6.18,-1.02,0.35,-2.05,1.93,1.59
2022-01-31 9:38:50.2890,0.066,0.996,0.256,-6.18,-1.02,0.35,-2.22,2.22,1.56
2022-01-31 9:38:50.2890,0.03,1.129,0.216,-6.18,-1.02,0.35,-2.42,2.09,1.5
2022-01-31 9:38:50.2890,-0.005,1.3,0.184,-6.18,-1.02,0.35,-2.6,1.65,1.43
Time,-0.059,1.442,0.125,-6.18,-1.02,0.35,-2.7,1.17,1.31
2022-01-31 9:38:50.2900,-0.133,1.508,0.057,-6.18,-1.02,0.35,-2.71,0.86,1.17
2022-01-31 9:38:50.2970,-0.197,1.508,-0.017,-6.18,-1.02,0.35,-2.64,0.78,1.04
Time,-0.235,1.464,-0.088,-6.18,-1.02,0.35,-2.56,0.88,0.93
2022-01-31 9:38:50.2960,-0.244,1.395,-0.144,-6.18,-1.02,0.35,-2.48,1.12,0.86
2022-01-31 9:38:50.2950,-0.243,1.326,-0.199,-6.18,-1.02,0.35,-2.38,1.36,0.81
2022-01-31 9:38:50.2960,-0.258,1.253,-0.271,-6.18,-1.02,0.35,-2.22,1.47,0.74
2022-01-31 9:38:50.2970,-0.273,1.186,-0.354,-6.18,-1.02,0.35,-1.98,1.47,0.64
2022-01-31 9:38:50.2980,-0.274,1.118,-0.407,-6.18,-1.02,0.35,-1.68,1.39,0.54
2022-01-31 9:38:50.3020,-0.257,1.05,-0.423,-6.18,-1.02,0.35,-1.39,1.2,0.45
2022-01-31 9:38:50.2990,-0.236,0.985,-0.418,-6.18,-1.02,0.35,-1.07,0.9,0.39
2022-01-31 9:38:50.3000,-0.185,0.923,-0.411,-6.18,-1.02,0.35,-0.75,0.46,0.41
2022-01-31 9:38:50.3010,-0.104,0.882,-0.382,-6.18,-1.02,0.35,-0.38,-0.09,0.54
2022-01-31 9:38:50.3030,0.028,0.86,-0.331,-6.18,-1.02,0.35,0.05,-0.61,0.83
2022-01-31 9:38:50.3040,0.171,0.864,-0.261,-6.18,-1.02,0.35,0.49,-1.02,1.21
Time,0.262,0.888,-0.168,-6.18,-1.02,0.35,0.79,-1.34,1.57
2022-01-31 9:38:50.3040,0.283,0.934,-0.006,-6.18,-1.02,0.35,0.84,-1.47,1.83
2022-01-31 9:38:50.3040,0.244,0.964,0.155,-6.18,-1.02,0.35,0.84,-1.47,1.83
Time,0.151,0.973,0.253,-5.13,0.5,-0.66,0.48,-0.49,1.75
2022-01-31 9:38:50.3080,0.047,0.952,0.277,-5.13,0.5,-0.66,0.3,0.49,1.45
2022-01-31 9:38:50.3070,-0.031,0.903,0.23,-5.13,0.5,-0.66,0.21,1.48,1.08
Time,-0.069,0.833,0.118,-5.13,0.5,-0.66,0.22,2.21,0.76
2022-01-31 9:38:50.3230,-0.091,0.768,-0.025,-5.13,0.5,-0.66,0.29,2.53,0.53
2022-01-31 9:38:50.3240,-0.12,0.726,-0.164,-4.99,3.32,-1.99,0.38,2.46,0.38
2022-01-31 9:38:50.3110,-0.155,0.697,-0.246,-4.99,3.32,-1.99,0.45,2.22,0.26
2022-01-31 9:38:50.3260,-0.188,0.668,-0.271,-4.99,3.32,-1.99,0.53,1.94,0.17
2022-01-31 9:38:50.3180,-0.216,0.632,-0.28,-4.99,3.32,-1.99,0.61,1.7,0.06
2022-01-31 9:38:50.3120,-0.247,0.601,-0.254,-4.99,3.32,-1.99,0.71,1.55,-0.07
2022-01-31 9:38:50.3260,-0.276,0.587,-0.189,-4.99,3.32,-1.99,0.8,1.53,-0.24
2022-01-31 9:38:50.3260,-0.307,0.589,-0.11,-4.99,3.32,-1.99,0.8,1.53,-0.24
2022-01-31 9:38:50.3250,-0.33,0.598,-0.031,-4.99,3.32,-1.99,1.0,1.68,-0.68
2022-01-31 9:38:50.3270,-0.341,0.612,0.042,-4.99,3.32,-1.99,1.1,1.85,-0.87
Time,-0.34,0.643,0.129,-4.99,3.32,-1.99,1.17,2.1,-1.05
2022-01-31 9:38:50.3290,-0.33,0.715,0.221,-6.2,6.95,-5.34,1.16,2.39,-1.17
2022-01-31 9:38:50.3290,-0.302,0.836,0.317,-6.2,6.95,-5.34,1.0,2.57,-1.23
2022-01-31 9:38:50.3310,-0.236,1.016,0.533,-6.2,6.95,-5.34,0.31,2.06,-1.2
2022-01-31 9:38:50.3300,-0.033,1.301,1.157,-6.2,6.95,-5.34,-1.0,0.71,-0.91
2022-01-31 9:38:50.3310,0.24,1.653,1.477,-6.2,6.95,-5.34,-1.58,0.01,-0.58
2022-01-31 9:38:50.3330,0.335,1.854,1.106,-6.2,6.95,-5.34,-1.35,0.31,-0.33
2022-01-31 9:38:50.3350,0.432,1.793,0.856,-6.2,6.95,-5.34,-0.68,1.26,-0.09
2022-01-31 9:38:50.3340,0.545,1.576,0.646,-6.2,6.95,-5.34,0.03,1.99,0.22
2022-01-31 9:38:50.3380,0.613,1.294,0.364,-6.2,6.95,-5.34,0.5,2.0,0.57
2022-01-31 9:38:50.3390,0.588,1.064,0.131,-6.2,6.95,-5.34,0.71,1.4,0.77
2022-01-31 9:38:50.3350,0.408,0.913,-0.002,-6.2,6.95,-5.34,0.7,0.57,0.67
2022-01-31 9:38:50.3400,0.232,0.766,-0.005,-6.2,6.95,-5.34,0.53,-0.07,0.51
2022-01-31 9:38:50.3420,0.132,0.635,0.072,-6.2,6.95,-5.34,0.26,-0.61,0.38
2022-01-31 9:38:50.3440,0.007,0.672,0.159,-6.2,6.95,-5.34,0.01,-1.16,0.28
2022-01-31 9:38:50.3450,-0.154,0.969,0.191,-6.2,6.95,-5.34,-0.09,-1.62,0.13
2022-01-31 9:38:50.3460,-0.324,1.316,0.238,-5.56,1.36,-8.4,-0.03,-1.82,-0.16
2022-01-31 9:38:50.3470,-0.435,1.5,0.311,-5.56,1.36,-8.4,-0.01,-1.65,-0.46
2022-01-31 9:38:50.3380,-0.387,1.387,0.299,-5.56,1.36,-8.4,-0.27,-1.08,-0.61
2022-01-31 9:38:50.3390,-0.278,1.205,0.218,-5.56,1.36,-8.4,-0.65,-0.2,-0.69
2022-01-31 9:38:50.3390,-0.266,1.164,0.053,-5.56,1.36,-8.4,-0.86,0.77,-0.84
2022-01-31 9:38:50.3410,-0.268,1.158,-0.114,-5.56,1.36,-8.4,-0.88,1.61,-1.04
2022-01-31 9:38:50.2910,-0.236,1.092,-0.199,-5.56,1.36,-8.4,-0.77,2.17,-1.21
2022-01-31 9:38:50.3490,-0.196,0.963,-0.216,-5.56,1.36,-8.4,-0.6,2.5,-1.35
2022-01-31 9:38:50.3490,-0.151,0.838,-0.198,-5.56,1.36,-8.4,-0.26,2.58,-1.41
2022-01-31 9:38:50.3490,-0.103,0.753,-0.192,-5.56,1.36,-8.4,0.35,2.41,-1.38
2022-01-31 9:38:50.3480,-0.058,0.721,-0.176,-5.56,1.36,-8.4,0.96,2.19,-1.22
2022-01-31 9:38:50.3500,-0.026,0.743,-0.123,-5.56,1.36,-8.4,1.29,2.05,-0.97
2022-01-31 9:38:50.3530,-0.026,0.797,-0.063,-5.56,1.36,-8.4,1.3,2.03,-0.71
2022-01-31 9:38:50.3540,-0.038,0.864,-0.024,-5.56,1.36,-8.4,1.13,2.12,-0.49
2022-01-31 9:38:50.3540,-0.09,0.94,-0.025,-5.56,1.36,-8.4,0.9,2.24,-0.4
Time,-0.143,0.998,-0.054,-5.56,1.36,-8.4,0.7,2.3,-0.43
2022-01-31 9:38:50.3530,-0.168,1.023,-0.085,-5.56,1.36,-8.4,0.54,2.26,-0.5
2022-01-31 9:38:50.3560,-0.169,1.025,-0.114,-5.56,1.36,-8.4,0.43,2.05,-0.58
2022-01-31 9:38:50.3580,-0.159,1.014,-0.134,-5.56,1.36,-8.4,0.39,1.72,-0.58
2022-01-31 9:38:50.3620,-0.124,0.997,-0.146,-5.56,1.36,-8.4,0.4,1.35,-0.49
2022-01-31 9:38:50.3590,-0.079,0.974,-0.163,-5.56,1.36,-8.4,0.54,0.93,-0.34
2022-01-31 9:38:50.3600,-0.038,0.946,-0.196,-5.56,1.36,-8.4,0.81,0.47,-0.16
2022-01-31 9:38:50.3600,-0.012,0.923,-0.218,-5.56,1.36,-8.4,1.1,0.04,0.06
2022-01-31 9:38:50.3620,-0.004,0.917,-0.212,-5.56,1.36,-8.4,1.32,-0.3,0.25
2022-01-31 9:38:50.3630,-0.012,0.932,-0.186,-5.56,1.36,-8.4,1.44,-0.51,0.38
2022-01-31 9:38:50.3640,-0.029,0.943,-0.148,-5.56,1.36,-8.4,1.46,-0.59,0.44
2022-01-31 9:38:50.3640,-0.053,0.949,-0.119,-3.23,-2.85,-9.53,1.44,-0.62,0.45
2022-01-31 9:38:50.3650,-0.073,0.929,-0.105,-3.23,-2.85,-9.53,1.39,-0.62,0.43
2022-01-31 9:38:50.3700,-0.094,0.906,-0.092,-3.23,-2.85,-9.53,1.35,-0.63,0.4
2022-01-31 9:38:50.3690,-0.122,0.9,-0.089,-3.23,-2.85,-9.53,1.32,-0.61,0.36
2022-01-31 9:38:50.3680,-0.143,0.9,-0.084,-3.23,-2.85,-9.53,1.32,-0.6,0.31
2022-01-31 9:38:50.3680,-0.156,0.894,-0.088,-3.23,-2.85,-9.53,1.32,-0.6,0.31
2022-01-31 9:38:50.3730,-0.166,0.896,-0.094,-3.23,-2.85,-9.53,1.43,-0.75,0.22
Time,-0.172,0.915,-0.098,-3.23,-2.85,-9.53,1.51,-1.0,0.2
2022-01-31 9:38:50.3750,-0.174,0.962,-0.089,-3.23,-2.85,-9.53,1.57,-1.35,0.21
2022-01-31 9:38:50.3720,-0.171,1.036,-0.064,-3.23,-2.85,-9.53,1.53,-1.76,0.2
2022-01-31 9:38:50.3730,-0.174,1.102,-0.023,-3.23,-2.85,-9.53,1.38,-2.15,0.15
2022-01-31 9:38:50.3740,-0.182,1.144,0.031,-3.23,-2.85,-9.53,1.12,-2.38,0.04
Time,-0.17,1.144,0.081,-3.23,-2.85,-9.53,0.78,-2.4,-0.1
2022-01-31 9:38:50.3760,-0.138,1.104,0.116,-3.23,-2.85,-9.53,0.42,-2.24,-0.25
2022-01-31 9:38:50.3770,-0.101,1.049,0.127,-3.23,-2.85,-9.53,0.15,-1.99,-0.37
Time,-0.07,1.007,0.105,-3.23,-2.85,-9.53,0.04,-1.71,-0.47
2022-01-31 9:38:50.3530,-0.043,0.99,0.073,-3.23,-2.85,-9.53,0.07,-1.4,-0.53
2022-01-31 9:38:50.3820,-0.018,1.002,0.053,-3.23,-2.85,-9.53,0.19,-1.02,-0.54
2022-01-31 9:38:50.3780,0.006,1.025,0.05,-3.23,-2.85,-9.53,0.3,-0.57,-0.53
2022-01-31 9:38:50.3800,0.029,1.043,0.054,-3.23,-2.85,-9.53,0.36,-0.09,-0.48
2022-01-31 9:38:50.3810,0.042,1.052,0.049,-3.23,-2.85,-9.53,0.4,0.32,-0.44
2022-01-31 9:38:50.3810,0.043,1.053,0.027,-3.23,-2.85,-9.53,0.45,0.57,-0.4
2022-01-31 9:38:50.3830,0.039,1.052,0.0,-3.23,-2.85,-9.53,0.51,0.62,-0.36
2022-01-31 9:38:50.3830,0.032,1.046,-0.013,-3.23,-2.85,-9.53,0.48,0.49,-0.32
2022-01-31 9:38:50.3850,0.023,1.038,-0.006,-3.23,-2.85,-9.53,0.33,0.28,-0.3
2022-01-31 9:38:50.3850,0.011,1.027,0.01,-3.23,-2.85,-9.53,0.08,0.09,-0.3
Time,0.004,1.012,0.027,-3.23,-2.85,-9.53,-0.23,-0.0,-0.33
2022-01-31 9:38:50.3880,0.002,1.009,0.027,-3.23,-2.85,-9.53,-0.49,-0.01,-0.36
Time,0.004,1.025,-0.005,-3.23,-2.85,-9.53,-0.61,-0.02,-0.38
2022-01-31 9:38:50.3890,0.012,1.05,-0.052,-3.23,-2.85,-9.53,-0.55,-0.09,-0.38
2022-01-31 9:38:50.3900,0.025,1.068,-0.102,-3.23,-2.85,-9.53,-0.35,-0.27,-0.34
2022-01-31 9:38:50.3910,0.048,1.082,-0.142,-3.23,-2.85,-9.53,-0.06,-0.52,-0.26
2022-01-31 9:38:50.3930,0.089,1.099,-0.138,-3.23,-2.85,-9.53,0.17,-0.76,-0.13
2022-01-31 9:38:50.3920,0.147,1.149,-0.094,-3.23,-2.85,-9.53,0.28,-0.97,0.04
2022-01-31 9:38:50.3940,0.202,1.233,-0.022,-3.23,-2.85,-9.53,0.25,-1.78,0.37
2022-01-31 9:38:50.3940,0.245,1.295,0.049,-3.23,-2.85,-9.53,0.05,-1.78,0.37
2022-01-31 9:38:50.3960,0.297,1.287,0.145,-3.23,-2.85,-9.53,-0.34,-2.42,0.56
2022-01-31 9:38:50.3970,0.358,1.232,0.265,-3.23,-2.85,-9.53,-0.88,-2.91,0.85
2022-01-31 9:38:50.3980,0.387,1.156,0.371,-3.23,-2.85,-9.53,-1.42,-3.02,1.18
2022-01-31 9:38:50.3980,0.366,1.073,0.42,-3.23,-2.85,-9.53,-1.78,-2.8,1.49
2022-01-31 9:38:50.3980,0.318,1.003,0.454,-3.23,-2.85,-9.53,-1.94,-2.34,1.77
2022-01-31 9:38:50.4010,0.267,0.946,0.513,-3.23,-2.85,-9.53,-2.0,-1.64,2.03
2022-01-31 9:38:50.3820,0.199,0.946,0.585,-3.23,-2.85,-9.53,-2.06,-0.77,2.27
2022-01-31 9:38:50.4030,0.078,1.071,0.626,-1.32,-2.91,-9.2,-2.14,0.02,2.42
2022-01-31 9:38:50.4020,-0.073,1.284,0.594,-1.32,-2.91,-9.2,-2.22,0.65,2.38
2022-01-31 9:38:50.4030,-0.223,1.492,0.512,-1.32,-2.91,-9.2,-2.3,1.21,2.14
2022-01-31 9:38:50.4040,-0.378,1.653,0.388,-1.32,-2.91,-9.2,-2.36,1.79,1.72
2022-01-31 9:38:50.4060,-0.504,1.717,0.238,-1.32,-2.91,-9.2,-2.4,2.33,1.19
2022-01-31 9:38:50.4120,-0.566,1.711,0.05,-1.32,-2.91,-9.2,-2.35,2.73,0.66
2022-01-31 9:38:50.4110,-0.568,1.639,-0.136,-1.32,-2.91,-9.2,-2.19,2.98,0.25
2022-01-31 9:38:50.4110,-0.526,1.505,-0.294,-1.32,-2.91,-9.2,-1.96,3.04,0.02
2022-01-31 9:38:50.4130,-0.44,1.323,-0.395,-1.32,-2.91,-9.2,-1.72,2.91,-0.01
2022-01-31 9:38:50.4140,-0.34,1.112,-0.438,-1.32,-2.91,-9.2,-1.49,2.57,0.1
2022-01-31 9:38:50.4100,-0.26,0.926,-0.489,-1.32,-2.91,-9.2,-1.24,1.88,0.24
Time,-0.186,0.807,-0.504,-1.32,-2.91,-9.2,-1.03,0.89,0.34
2022-01-31 9:38:50.4280,-0.101,0.745,-0.435,-1.32,-2.91,-9.2,-0.87,-0.28,0.5
2022-01-31 9:38:50.4220,0.04,0.715,-0.39,-1.32,-2.91,-9.2,-0.75,-1.36,0.75
2022-01-31 9:38:50.4320,0.152,0.716,-0.286,-1.32,-2.91,-9.2,-0.68,-2.12,1.04
2022-01-31 9:38:50.4240,0.215,0.744,-0.208,-1.32,-2.91,-9.2,-0.59,-2.54,1.3
2022-01-31 9:38:50.4260,0.232,0.803,-0.162,-1.32,-2.91,-9.2,-0.45,-2.69,1.45
2022-01-31 9:38:50.4290,0.203,0.868,-0.09,-1.32,-2.91,-9.2,-0.31,-2.55,1.48
2022-01-31 9:38:50.4290,0.161,0.904,0.02,-1.32,-2.91,-9.2,-0.2,-2.09,1.39
2022-01-31 9:38:50.4330,0.108,0.899,0.145,-1.32,-2.91,-9.2,-0.12,-1.27,1.24
2022-01-31 9:38:50.4340,0.056,0.87,0.245,-1.32,-2.91,-9.2,-0.07,-0.17,1.03
2022-01-31 9:38:50.4360,0.0,0.835,0.279,-1.32,-2.91,-9.2,-0.02,1.02,0.77
2022-01-31 9:38:50.4360,-0.064,0.803,0.236,-1.32,-2.91,-9.2,0.03,1.97,0.47
2022-01-31 9:38:50.4380,-0.135,0.786,0.139,-1.32,-2.91,-9.2,0.09,2.5,0.19
2022-01-31 9:38:50.4390,-0.159,0.762,0.007,-1.32,-2.91,-9.2,0.19,2.61,-0.0
2022-01-31 9:38:50.4410,-0.165,0.732,-0.112,-1.32,-2.91,-9.2,0.31,2.42,-0.1
2022-01-31 9:38:50.4390,-0.167,0.698,-0.192,-1.32,-2.91,-9.2,0.43,2.06,-0.12
Time,-0.175,0.659,-0.231,-1.32,-2.91,-9.2,0.53,1.67,-0.1
2022-01-31 9:38:50.4410,-0.214,0.624,-0.227,-1.32,-2.91,-9.2,0.63,1.35,-0.13
2022-01-31 9:38:50.4440,-0.267,0.606,-0.187,-1.32,-2.91,-9.2,0.72,1.22,-0.22
2022-01-31 9:38:50.4490,-0.305,0.596,-0.109,-1.32,-2.91,-9.2,0.81,1.28,-0.37
2022-01-31 9:38:50.4460,-0.327,0.599,-0.031,-1.32,-2.91,-9.2,0.93,1.5,-0.56
2022-01-31 9:38:50.4450,-0.332,0.613,0.037,-1.32,-2.91,-9.2,1.07,1.83,-0.72
2022-01-31 9:38:50.4480,-0.323,0.645,0.107,-1.32,-2.91,-9.2,1.22,2.22,-0.85
2022-01-31 9:38:50.4470,-0.32,0.704,0.182,-1.32,-2.91,-9.2,1.33,2.61,-0.92
Time,-0.31,0.794,0.262,-1.32,-2.91,-9.2,1.36,2.91,-0.94
2022-01-31 9:38:50.4510,-0.276,0.913,0.361,-1.32,-2.91,-9.2,1.27,2.94,-0.89
2022-01-31 9:38:50.4540,-0.197,1.06,0.587,-1.32,-2.91,-9.2,0.71,2.05,-0.74
2022-01-31 9:38:50.4570,-0.005,1.271,1.089,-1.32,-2.91,-9.2,-0.23,0.26,-0.43
2022-01-31 9:38:50.4500,0.193,1.517,1.281,-1.32,-2.91,-9.2,-0.63,-1.02,-0.1
2022-01-31 9:38:50.4540,0.288,1.7,1.032,-1.32,-2.91,-9.2,-0.62,-1.43,0.15
2022-01-31 9:38:50.4550,0.304,1.697,0.831,-1.32,-2.91,-9.2,-0.43,-0.9,0.3
2022-01-31 9:38:50.4570,0.321,1.544,0.734,-1.32,-2.91,-9.2,-0.12,0.18,0.38
2022-01-31 9:38:50.4580,0.343,1.364,0.57,-1.32,-2.91,-9.2,0.22,1.13,0.43
2022-01-31 9:38:50.4560,0.364,1.2,0.382,-1.32,-2.91,-9.2,0.44,1.66,0.48
2022-01-31 9:38:50.4580,0.371,1.064,0.304,-1.32,-2.91,-9.2,0.46,1.59,0.47
2022-01-31 9:38:50.4590,0.286,0.972,0.283,-1.32,-2.91,-9.2,0.35,1.04,0.31
2022-01-31 9:38:50.4620,0.082,0.973,0.233,-1.32,-2.91,-9.2,0.27,0.41,0.07
2022-01-31 9:38:50.4630,-0.126,1.075,0.069,-1.32,-2.91,-9.2,0.19,-0.33,-0.1
2022-01-31 9:38:50.4610,-0.242,1.16,0.111,-1.32,-2.91,-9.2,-0.01,-1.17,-0.16
2022-01-31 9:38:50.4630,-0.299,1.191,0.255,-1.32,-2.91,-9.2,-0.23,-1.73,-0.09
2022-01-31 9:38:50.4630,-0.318,1.164,0.232,-1.32,-2.91,-9.2,-0.35,-1.73,-0.0
2022-01-31 9:38:50.4630,-0.358,1.13,0.116,-1.32,-2.91,-9.2,-0.41,-1.17,-0.02
2022-01-31 9:38:50.4670,-0.4,1.081,-0.01,-1.32,-2.91,-9.2,-0.39,-0.35,-0.17
2022-01-31 9:38:50.4670,-0.408,1.01,-0.146,0.61,-3.31,-6.43,-0.31,0.4,-0.4
2022-01-31 9:38:50.4680,-0.382,0.943,-0.194,0.61,-3.31,-6.43,-0.23,1.01,-0.64
Time,-0.315,0.871,-0.159,0.61,-3.31,-6.43,-0.18,1.53,-0.84
2022-01-31 9:38:50.4690,-0.249,0.812,-0.108,0.61,-3.31,-6.43,-0.15,1.98,-0.98
2022-01-31 9:38:50.4690,-0.189,0.777,-0.067,0.61,-3.31,-6.43,-0.11,2.26,-1.06
2022-01-31 9:38:50.4730,-0.137,0.774,-0.041,0.61,-3.31,-6.43,-0.05,2.36,-1.09
2022-01-31 9:38:50.4720,-0.09,0.799,-0.022,0.61,-3.31,-6.43,0.0,2.35,-1.05
2022-01-31 9:38:50.4750,-0.069,0.864,-0.019,0.61,-3.31,-6.43,0.02,2.36,-0.97
Time,-0.067,0.953,-0.03,0.61,-3.31,-6.43,-0.01,2.46,-0.89
2022-01-31 9:38:50.4730,-0.079,1.017,-0.045,0.61,-3.31,-6.43,-0.08,2.61,-0.86
2022-01-31 9:38:50.4760,-0.091,1.031,-0.068,0.61,-3.31,-6.43,-0.16,2.77,-0.87
2022-01-31 9:38:50.4780,-0.091,1.014,-0.091,0.61,-3.31,-6.43,-0.21,2.9,-0.87
2022-01-31 9:38:50.4780,-0.071,0.987,-0.12,0.61,-3.31,-6.43,-0.19,2.93,-0.81
2022-01-31 9:38:50.4790,-0.033,0.974,-0.154,0.61,-3.31,-6.43,-0.1,2.84,-0.68
2022-01-31 9:38:50.4780,0.014,0.971,-0.184,0.61,-3.31,-6.43,0.07,2.58,-0.51
2022-01-31 9:38:50.4800,0.04,0.979,-0.219,0.61,-3.31,-6.43,0.31,2.14,-0.36
2022-01-31 9:38:50.4830,0.054,0.99,-0.225,0.61,-3.31,-6.43,0.55,1.69,-0.2
2022-01-31 9:38:50.4840,0.069,0.997,-0.203,0.61,-3.31,-6.43,0.74,1.33,-0.03
2022-01-31 9:38:50.4840,0.076,1.005,-0.178,0.61,-3.31,-6.43,0.87,1.04,0.15
Time,0.074,1.01,-0.166,0.61,-3.31,-6.43,0.99,0.78,0.3
2022-01-31 9:38:50.4850,0.056,1.002,-0.178,0.61,-3.31,-6.43,1.13,0.45,0.39
2022-01-31 9:38:50.4870,0.037,0.988,-0.213,0.61,-3.31,-6.43,1.29,0.05,0.47
2022-01-31 9:38:50.4870,0.016,0.968,-0.218,0.61,-3.31,-6.43,1.29,0.05,0.47
2022-01-31 9:38:50.4890,-0.016,0.958,-0.158,0.61,-3.31,-6.43,1.44,-0.52,0.65
2022-01-31 9:38:50.4900,-0.051,0.955,-0.126,0.61,-3.31,-6.43,1.51,-0.71,0.7
2022-01-31 9:38:50.4910,-0.086,0.957,-0.124,0.61,-3.31,-6.43,1.62,-0.89,0.69
2022-01-31 9:38:50.4920,-0.123,0.95,-0.119,0.61,-3.31,-6.43,1.73,-1.1,0.67
2022-01-31 9:38:50.4920,-0.15,0.95,-0.11,0.61,-3.31,-6.43,1.83,-1.33,0.62
2022-01-31 9:38:50.4940,-0.174,0.96,-0.087,0.61,-3.31,-6.43,1.86,-1.54,0.56
2022-01-31 9:38:50.4950,-0.187,0.976,-0.042,0.61,-3.31,-6.43,1.8,-1.71,0.5
2022-01-31 9:38:50.4960,-0.198,0.981,0.014,0.61,-3.31,-6.43,1.67,-1.83,0.42
2022-01-31 9:38:50.4960,-0.21,0.982,0.069,0.61,-3.31,-6.43,1.47,-1.89,0.32
2022-01-31 9:38:50.4990,-0.227,0.98,0.124,0.61,-3.31,-6.43,1.24,-1.85,0.22
2022-01-31 9:38:50.4990,-0.237,0.968,0.175,0.61,-3.31,-6.43,0.99,-1.7,0.1
2022-01-31 9:38:50.5000,-0.246,0.956,0.214,0.61,-3.31,-6.43,0.76,-1.44,-0.03
2022-01-31 9:38:50.5010,-0.253,0.949,0.236,0.61,-3.31,-6.43,0.54,-1.05,-0.19
Time,-0.257,0.95,0.241,0.61,-3.31,-6.43,0.34,-0.54,-0.36
Time,-0.246,0.961,0.223,0.61,-3.31,-6.43,0.15,0.04,-0.54
2022-01-31 9:38:50.5040,-0.219,0.978,0.181,0.61,-3.31,-6.43,0.02,0.63,-0.7
2022-01-31 9:38:50.5040,-0.191,1.0,0.12,0.61,-3.31,-6.43,-0.03,1.17,-0.83
2022-01-31 9:38:50.5060,-0.159,1.015,0.061,0.61,-3.31,-6.43,0.0,1.61,-0.9
2022-01-31 9:38:50.5080,-0.116,1.021,0.001,0.61,-3.31,-6.43,0.09,1.89,-0.92
Time,-0.078,1.033,-0.054,0.61,-3.31,-6.43,0.22,1.99,-0.88
2022-01-31 9:38:50.5080,-0.047,1.056,-0.094,0.61,-3.31,-6.43,0.37,1.9,-0.8
2022-01-31 9:38:50.5110,-0.019,1.079,-0.121,0.61,-3.31,-6.43,0.51,1.58,-0.7
Time,0.012,1.088,-0.132,0.61,-3.31,-6.43,0.59,1.01,-0.57
2022-01-31 9:38:50.5120,0.046,1.087,-0.119,0.61,-3.31,-6.43,0.56,0.24,-0.44
2022-01-31 9:38:50.5140,0.073,1.081,-0.074,0.61,-3.31,-6.43,0.38,-0.55,-0.31
2022-01-31 9:38:50.5150,0.08,1.077,-0.012,0.61,-3.31,-6.43,0.08,-1.15,-0.22
2022-01-31 9:38:50.5170,0.066,1.081,0.043,0.61,-3.31,-6.43,-0.29,-1.48,-0.19
2022-01-31 9:38:50.5140,0.049,1.092,0.077,0.61,-3.31,-6.43,-0.64,-1.56,-0.23
2022-01-31 9:38:50.5180,0.039,1.096,0.08,0.61,-3.31,-6.43,-0.89,-1.5,-0.3
Time,0.043,1.09,0.059,0.61,-3.31,-6.43,-0.96,-1.42,-0.39
2022-01-31 9:38:50.5190,0.07,1.083,0.037,0.61,-3.31,-6.43,-0.86,-1.31,-0.42
2022-01-31 9:38:50.5250,0.114,1.097,0.051,0.61,-3.31,-6.43,-0.69,-1.11,-0.37
2022-01-31 9:38:50.5210,0.162,1.173,0.093,0.61,-3.31,-6.43,-0.54,-0.81,-0.22
2022-01-31 9:38:50.5230,0.205,1.293,0.143,0.61,-3.31,-6.43,-0.47,-0.51,-0.02
2022-01-31 9:38:50.5230,0.241,1.376,0.196,0.61,-3.31,-6.43,-0.47,-0.51,-0.02
2022-01-31 9:38:50.5230,0.281,1.375,0.268,0.61,-3.31,-6.43,-0.84,-0.28,0.35
2022-01-31 9:38:50.5250,0.331,1.333,0.341,0.61,-3.31,-6.43,-1.31,-0.4,0.55
2022-01-31 9:38:50.5270,0.367,1.277,0.396,0.61,-3.31,-6.43,-1.88,-0.49,0.77
Time,0.37,1.191,0.401,0.61,-3.31,-6.43,-2.37,-0.42,0.99
2022-01-31 9:38:50.5300,0.344,1.08,0.349,0.61,-3.31,-6.43,-2.7,-0.14,1.19
2022-01-31 9:38:50.5290,0.314,0.98,0.299,0.61,-3.31,-6.43,-2.86,0.2,1.39
2022-01-31 9:38:50.5310,0.285,0.916,0.27,0.61,-3.31,-6.43,-2.91,0.48,1.62
2022-01-31 9:38:50.5310,0.246,0.912,0.256,0.61,-3.31,-6.43,-2.87,0.67,1.87
2022-01-31 9:38:50.5340,0.163,1.004,0.242,0.61,-3.31,-6.43,-2.74,0.79,2.08
2022-01-31 9:38:50.5350,0.029,1.179,0.22,0.61,-3.31,-6.43,-2.57,0.91,2.16
2022-01-31 9:38:50.5330,-0.135,1.385,0.164,0.61,-3.31,-6.43,-2.36,1.06,2.03
2022-01-31 9:38:50.5360,-0.324,1.567,0.031,0.61,-3.31,-6.43,-2.13,1.2,1.68
2022-01-31 9:38:50.5380,-0.468,1.658,-0.131,0.61,-3.31,-6.43,-1.92,1.35,1.26
2022-01-31 9:38:50.5380,-0.518,1.628,-0.262,0.61,-3.31,-6.43,-1.74,1.49,0.91
2022-01-31 9:38:50.5400,-0.465,1.485,-0.337,0.61,-3.31,-6.43,-1.63,1.66,0.74
2022-01-31 9:38:50.5410,-0.37,1.297,-0.408,0.61,-3.31,-6.43,-1.52,1.72,0.73
2022-01-31 9:38:50.5410,-0.251,1.113,-0.499,0.61,-3.31,-6.43,-1.35,1.7,0.88
2022-01-31 9:38:50.5430,-0.147,0.956,-0.557,0.61,-3.31,-6.43,-1.07,1.7,1.03
Time,-0.078,0.874,-0.551,0.61,-3.31,-6.43,-0.78,1.84,1.1
2022-01-31 9:38:50.5440,-0.001,0.823,-0.487,0.61,-3.31,-6.43,-0.43,2.19,1.17
2022-01-31 9:38:50.5470,0.131,0.789,-0.53,0.61,-3.31,-6.43,0.1,2.27,1.32
2022-01-31 9:38:50.5470,0.396,0.789,-0.608,0.61,-3.31,-6.43,0.53,0.81,1.61
2022-01-31 9:38:50.5470,0.652,0.835,-0.528,0.61,-3.31,-6.43,0.67,-1.12,1.97
2022-01-31 9:38:50.5490,0.699,0.899,-0.382,0.61,-3.31,-6.43,0.67,-2.51,2.24
2022-01-31 9:38:50.5510,0.634,0.983,-0.295,0.61,-3.31,-6.43,0.7,-2.94,2.4
2022-01-31 9:38:50.5500,0.547,1.056,-0.202,0.61,-3.31,-6.43,0.78,-2.61,2.45
2022-01-31 9:38:50.5520,0.462,1.105,-0.084,0.61,-3.31,-6.43,0.92,-1.68,2.39
2022-01-31 9:38:50.5540,0.385,1.106,0.036,0.61,-3.31,-6.43,1.12,-0.27,2.24
Time,0.302,1.092,0.142,0.61,-3.31,-6.43,1.32,1.43,1.94
2022-01-31 9:38:50.5550,0.179,1.07,0.224,0.61,-3.31,-6.43,1.41,3.21,1.46
2022-01-31 9:38:50.5560,0.025,1.026,0.208,0.61,-3.31,-6.43,1.39,4.64,0.84
2022-01-31 9:38:50.5560,-0.088,0.976,0.083,0.61,-3.31,-6.43,1.33,5.57,0.31
2022-01-31 9:38:50.5590,-0.103,0.927,-0.076,0.61,-3.31,-6.43,1.29,6.11,-0.04
2022-01-31 9:38:50.5600,-0.088,0.893,-0.223,0.61,-3.31,-6.43,1.23,6.34,-0.2
2022-01-31 9:38:50.5610,-0.095,0.865,-0.338,0.61,-3.31,-6.43,1.1,6.37,-0.27
2022-01-31 9:38:50.5620,-0.135,0.844,-0.411,0.61,-3.31,-6.43,0.91,6.23,-0.31
2022-01-31 9:38:50.5660,-0.185,0.838,-0.436,0.61,-3.31,-6.43,0.68,6.04,-0.39
2022-01-31 9:38:50.5630,-0.231,0.843,-0.42,0.61,-3.31,-6.43,0.47,5.87,-0.5
2022-01-31 9:38:50.5650,-0.269,0.861,-0.379,0.61,-3.31,-6.43,0.29,5.79,-0.64
2022-01-31 9:38:50.5660,-0.292,0.87,-0.328,0.61,-3.31,-6.43,0.19,5.77,-0.79
2022-01-31 9:38:50.5670,-0.307,0.877,-0.285,0.61,-3.31,-6.43,0.15,5.79,-0.88
2022-01-31 9:38:50.5670,-0.304,0.878,-0.246,0.61,-3.31,-6.43,0.17,5.84,-0.9
2022-01-31 9:38:50.5690,-0.301,0.878,-0.207,0.61,-3.31,-6.43,0.23,5.86,-0.81
2022-01-31 9:38:50.5690,-0.307,0.88,-0.17,0.61,-3.31,-6.43,0.34,5.75,-0.63
2022-01-31 9:38:50.5720,-0.342,0.9,-0.135,0.61,-3.31,-6.43,0.52,5.31,-0.39
2022-01-31 9:38:50.5740,-0.402,0.952,-0.105,0.61,-3.31,-6.43,0.74,4.37,-0.12
2022-01-31 9:38:50.5710,-0.461,1.035,-0.059,0.61,-3.31,-6.43,0.88,2.88,0.12
2022-01-31 9:38:50.5740,-0.479,1.138,0.133,0.61,-3.31,-6.43,0.49,0.61,0.24
2022-01-31 9:38:50.5760,-0.418,1.238,0.505,0.61,-3.31,-6.43,0.02,-1.27,0.27
2022-01-31 9:38:50.5760,-0.303,1.272,0.666,0.61,-3.31,-6.43,-0.1,-2.11,0.22
2022-01-31 9:38:50.5780,-0.184,1.24,0.824,1.8,-3.27,-3.4,-0.01,-1.69,0.24
2022-01-31 9:38:50.5780,0.007,1.156,1.071,1.8,-3.27,-3.4,0.01,-0.36,0.39
2022-01-31 9:38:50.5790,0.185,1.069,1.001,1.8,-3.27,-3.4,-0.07,0.91,0.65
2022-01-31 9:38:50.5800,0.309,1.007,0.658,1.8,-3.27,-3.4,-0.3,1.67,0.85
2022-01-31 9:38:50.5800,0.336,0.982,0.369,1.8,-3.27,-3.4,-0.3,1.67,0.85
2022-01-31 9:38:50.5830,0.319,0.984,0.083,1.8,-3.27,-3.4,-0.76,1.85,0.75
2022-01-31 9:38:50.5860,0.289,1.014,-0.164,1.8,-3.27,-3.4,-0.78,1.6,0.54
2022-01-31 9:38:50.5840,0.217,1.066,-0.327,1.8,-3.27,-3.4,-0.72,1.46,0.28
2022-01-31 9:38:50.5860,0.09,1.194,-0.435,1.8,-3.27,-3.4,-0.62,1.49,-0.04
2022-01-31 9:38:50.5850,-0.031,1.394,-0.49,1.8,-3.27,-3.4,-0.55,1.81,-0.38
Time,-0.121,1.543,-0.444,1.8,-3.27,-3.4,-0.5,2.27,-0.69
2022-01-31 9:38:50.5900,-0.204,1.509,-0.372,1.8,-3.27,-3.4,-0.44,2.65,-0.87
2022-01-31 9:38:50.5920,-0.202,1.237,-0.268,1.8,-3.27,-3.4,-0.39,2.99,-0.83
2022-01-31 9:38:50.5910,-0.137,0.956,-0.138,1.8,-3.27,-3.4,-0.37,3.24,-0.66
2022-01-31 9:38:50.5930,-0.094,0.826,-0.089,1.8,-3.27,-3.4,-0.3,3.12,-0.47
2022-01-31 9:38:50.5920,-0.096,0.788,-0.107,1.8,-3.27,-3.4,-0.14,2.29,-0.34
2022-01-31 9:38:50.5970,-0.175,0.773,-0.136,1.8,-3.27,-3.4,0.17,1.2,-0.26
2022-01-31 9:38:50.5960,-0.254,0.78,-0.128,1.8,-3.27,-3.4,0.64,0.56,-0.16
2022-01-31 9:38:50.5960,-0.267,0.833,-0.071,1.8,-3.27,-3.4,0.94,0.65,-0.1
2022-01-31 9:38:50.5990,-0.26,0.923,0.02,1.8,-3.27,-3.4,0.84,1.26,-0.2
2022-01-31 9:38:50.5990,-0.236,0.973,0.093,1.8,-3.27,-3.4,0.43,2.06,-0.39
2022-01-31 9:38:50.6000,-0.191,0.976,0.128,1.8,-3.27,-3.4,-0.13,2.88,-0.6
2022-01-31 9:38:50.6020,-0.145,0.951,0.134,1.8,-3.27,-3.4,-0.69,3.67,-0.77
2022-01-31 9:38:50.6020,-0.108,0.946,0.117,1.8,-3.27,-3.4,-1.16,4.38,-0.91
2022-01-31 9:38:50.6030,-0.075,0.97,0.074,1.8,-3.27,-3.4,-1.49,4.98,-1.0
2022-01-31 9:38:50.6040,-0.029,0.97,0.021,1.8,-3.27,-3.4,-1.63,5.43,-0.97
2022-01-31 9:38:50.6050,0.019,0.963,-0.049,1.8,-3.27,-3.4,-1.42,5.61,-0.78
2022-01-31 9:38:50.6060,0.057,0.941,-0.181,1.8,-3.27,-3.4,-0.73,5.27,-0.45
2022-01-31 9:38:50.6080,0.077,0.924,-0.319,1.8,-3.27,-3.4,0.08,4.61,-0.11
2022-01-31 9:38:50.6090,0.072,0.939,-0.345,1.8,-3.27,-3.4,0.66,3.95,0.15
2022-01-31 9:38:50.6090,-0.191,-0.611,-0.775,1.8,-3.27,-3.4,-0.61,-0.68,-0.84
2022-01-31 9:38:50.6110,-0.247,-0.548,-0.898,1.8,-3.27,-3.4,-0.52,-0.7,-0.98
2022-01-31 9:38:50.6120,-0.232,-0.532,-0.939,1.8,-3.27,-3.4,-0.3,-0.6,-1.09
2022-01-31 9:38:50.6120,-0.16,-0.568,-0.882,1.8,-3.27,-3.4,-0.08,-0.37,-1.03
2022-01-31 9:38:50.6140,-0.105,-0.706,-0.828,1.8,-3.27,-3.4,0.05,-0.23,-0.76
2022-01-31 9:38:50.6160,-0.031,-0.853,-0.777,1.8,-3.27,-3.4,0.08,-0.18,-0.39
2022-01-31 9:38:50.6160,0.037,-0.952,-0.74,1.8,-3.27,-3.4,0.09,-0.1,-0.01
2022-01-31 9:38:50.6170,0.018,-1.0,-0.705,1.8,-3.27,-3.4,0.11,0.07,0.3
2022-01-31 9:38:50.6170,-0.063,-0.976,-0.659,1.8,-3.27,-3.4,0.07,0.3,0.46
2022-01-31 9:38:50.6180,-0.154,-0.893,-0.624,1.8,-3.27,-3.4,-0.05,0.58,0.49
2022-01-31 9:38:50.6210,-0.183,-0.794,-0.612,1.8,-3.27,-3.4,-0.25,0.81,0.4
2022-01-31 9:38:50.6220,-0.181,-0.703,-0.631,1.8,-3.27,-3.4,-0.51,0.75,0.21
2022-01-31 9:38:50.6220,-0.207,-0.619,-0.748,1.8,-3.27,-3.4,-0.73,0.4,-0.05
2022-01-31 9:38:50.6260,-0.186,-0.595,-0.734,1.8,-3.27,-3.4,-0.88,0.27,-0.29
2022-01-31 9:38:50.6220,-0.133,-0.607,-0.787,1.8,-3.27,-3.4,-0.93,0.08,-0.41
Time,-0.081,-0.639,-0.824,1.8,-3.27,-3.4,-0.87,0.06,-0.4
2022-01-31 9:38:50.6290,-0.016,-0.695,-0.742,1.8,-3.27,-3.4,-0.77,0.18,-0.25
2022-01-31 9:38:50.6270,0.022,-0.729,-0.676,1.8,-3.27,-3.4,-0.69,0.36,-0.05
2022-01-31 9:38:50.6270,0.044,-0.679,-0.598,1.8,-3.27,-3.4,-0.72,0.56,0.14
2022-01-31 9:38:50.6270,0.023,-0.602,-0.547,1.8,-3.27,-3.4,-0.88,0.76,0.23
2022-01-31 9:38:50.6280,-0.047,-0.588,-0.533,1.8,-3.27,-3.4,-1.11,0.88,0.18
2022-01-31 9:38:50.6330,-0.123,-0.612,-0.558,1.8,-3.27,-3.4,-1.31,0.98,0.05
2022-01-31 9:38:50.6300,-0.173,-0.634,-0.618,1.8,-3.27,-3.4,-1.44,1.02,-0.08
2022-01-31 9:38:50.6320,-0.174,-0.615,-0.695,1.8,-3.27,-3.4,-1.43,1.02,-0.17
2022-01-31 9:38:50.6310,-0.143,-0.586,-0.782,1.8,-3.27,-3.4,-1.36,0.88,-0.23
2022-01-31 9:38:50.6330,-0.106,-0.554,-0.845,1.8,-3.27,-3.4,-1.26,0.63,-0.33
2022-01-31 9:38:50.6320,-0.067,-0.537,-0.883,1.8,-3.27,-3.4,-1.12,0.39,-0.4
2022-01-31 9:38:50.6340,0.001,-0.558,-0.893,1.8,-3.27,-3.4,-0.96,0.24,-0.41
Time,0.052,-0.593,-0.898,1.8,-3.27,-3.4,-0.75,0.15,-0.33
2022-01-31 9:38:50.6360,0.075,-0.629,-0.898,1.8,-3.27,-3.4,-0.49,0.14,-0.21
2022-01-31 9:38:50.6360,0.079,-0.648,-0.885,1.8,-3.27,-3.4,-0.25,0.19,-0.05
2022-01-31 9:38:50.6380,0.063,-0.653,-0.865,1.8,-3.27,-3.4,-0.02,0.29,0.11
2022-01-31 9:38:50.6370,0.036,-0.644,-0.838,1.8,-3.27,-3.4,0.16,0.38,0.22
2022-01-31 9:38:50.6380,0.01,-0.627,-0.797,1.8,-3.27,-3.4,0.24,0.45,0.29
2022-01-31 9:38:50.6410,0.003,-0.615,-0.774,1.8,-3.27,-3.4,0.21,0.41,0.28
2022-01-31 9:38:50.6410,-0.0,-0.602,-0.773,1.8,-3.27,-3.4,0.13,0.33,0.26
Time,-0.0,-0.596,-0.768,1.8,-3.27,-3.4,0.08,0.27,0.24
2022-01-31 9:38:50.6430,-0.01,-0.591,-0.764,1.8,-3.27,-3.4,0.04,0.23,0.22
2022-01-31 9:38:50.6430,-0.026,-0.578,-0.75,1.8,-3.27,-3.4,-0.0,0.31,0.15
2022-01-31 9:38:50.6430,-0.025,-0.547,-0.674,1.8,-3.27,-3.4,-0.06,0.56,0.11
Time,0.006,-0.625,-0.673,1.8,-3.27,-3.4,-0.1,0.63,0.17
2022-01-31 9:38:50.6460,0.033,-0.637,-0.747,1.8,-3.27,-3.4,-0.13,0.62,0.21
2022-01-31 9:38:50.6460,0.06,-0.614,-0.762,1.8,-3.27,-3.4,-0.18,0.6,0.25
2022-01-31 9:38:50.6480,0.064,-0.619,-0.779,1.8,-3.27,-3.4,-0.23,0.56,0.3
2022-01-31 9:38:50.6520,0.045,-0.632,-0.804,1.8,-3.27,-3.4,-0.28,0.48,0.33
2022-01-31 9:38:50.6500,0.024,-0.628,-0.817,1.8,-3.27,-3.4,-0.33,0.37,0.35
2022-01-31 9:38:50.6510,-0.004,-0.62,-0.819,1.8,-3.27,-3.4,-0.39,0.32,0.32
2022-01-31 9:38:50.6510,-0.03,-0.623,-0.838,1.8,-3.27,-3.4,-0.4,0.32,0.28
2022-01-31 9:38:50.6520,-0.023,-0.628,-0.886,1.8,-3.27,-3.4,-0.33,0.29,0.27
2022-01-31 9:38:50.6530,0.005,-0.62,-0.92,1.8,-3.27,-3.4,-0.21,0.3,0.3
Time,0.037,-0.599,-0.911,1.8,-3.27,-3.4,-0.1,0.4,0.33
2022-01-31 9:38:50.6550,0.074,-0.574,-0.88,1.8,-3.27,-3.4,-0.07,0.59,0.36
2022-01-31 9:38:50.6560,0.105,-0.557,-0.87,1.8,-3.27,-3.4,-0.1,0.79,0.4
2022-01-31 9:38:50.6570,0.116,-0.534,-0.921,1.8,-3.27,-3.4,-0.15,0.82,0.41
2022-01-31 9:38:50.6580,0.104,-0.5,-1.006,1.8,-3.27,-3.4,-0.2,0.63,0.38
2022-01-31 9:38:50.6580,0.084,-0.484,-1.072,1.8,-3.27,-3.4,-0.22,0.37,0.33
2022-01-31 9:38:50.6590,0.062,-0.488,-1.09,1.8,-3.27,-3.4,-0.18,0.16,0.28
2022-01-31 9:38:50.6600,0.056,-0.501,-1.059,1.8,-3.27,-3.4,-0.08,0.08,0.28
2022-01-31 9:38:50.6670,0.063,-0.523,-1.001,1.8,-3.27,-3.4,0.04,0.13,0.3
2022-01-31 9:38:50.6780,0.081,-0.537,-0.929,1.8,-3.27,-3.4,0.1,0.23,0.34
2022-01-31 9:38:50.6880,0.104,-0.558,-0.872,2.2,-2.44,-0.84,0.1,0.35,0.41
2022-01-31 9:38:50.6980,0.123,-0.573,-0.86,2.2,-2.44,-0.84,0.06,0.42,0.5
2022-01-31 9:38:50.7080,0.123,-0.567,-0.879,2.2,-2.44,-0.84,0.04,0.43,0.58
2022-01-31 9:38:50.7180,0.102,-0.54,-0.902,2.2,-2.44,-0.84,0.01,0.39,0.6
2022-01-31 9:38:50.7280,0.074,-0.511,-0.919,2.01,-0.91,2.03,-0.01,0.31,0.58
2022-01-31 9:38:50.7390,0.054,-0.502,-0.92,0.51,-0.43,0.08,-0.03,0.22,0.55
2022-01-31 9:38:50.7480,0.035,-0.502,-0.899,-2.27,0.61,1.26,-0.06,0.14,0.5
2022-01-31 9:38:50.7590,0.021,-0.502,-0.871,-3.84,-3.26,-0.7,-0.1,0.11,0.45
2022-01-31 9:38:50.7690,0.016,-0.505,-0.845,-1.91,-0.53,2.89,-0.13,0.13,0.41
2022-01-31 9:38:50.7790,0.019,-0.507,-0.841,0.25,-0.19,-2.24,-0.03,0.29,0.37
2022-01-31 9:38:50.7890,0.014,-0.503,-0.812,-1.63,0.2,-2.89,0.18,0.52,0.43
2022-01-31 9:38:50.7990,0.041,-0.532,-0.816,0.59,-0.02,-0.28,0.28,0.54,0.44
2022-01-31 9:38:50.8090,0.031,-0.505,-0.841,-2.4,1.69,2.2,0.27,0.48,0.45
Time,0.024,-0.501,-0.816,-0.77,-0.04,2.81,0.17,0.31,0.44
Time,0.014,-0.5,-0.812,-1.64,-0.36,-1.31,-0.01,0.03,0.4
2022-01-31 9:38:50.8390,0.005,-0.492,-0.82,-0.54,-2.31,-5.25,-0.21,-0.28,0.33
2022-01-31 9:38:50.8490,-0.02,-0.454,-0.836,2.41,2.03,3.88,-0.32,-0.51,0.25
2022-01-31 9:38:50.8590,-0.056,-0.45,-0.828,2.5,-2.09,-0.24,-0.27,-0.54,0.19
2022-01-31 9:38:50.8690,-0.066,-0.468,-0.813,-2.67,-0.27,3.24,-0.17,-0.49,0.14
